INSERT INTO auth_group (id, name)
VALUES
(1, 'Gerente'),
(2, 'Vendedor'),
(3, 'Jefe de Taller'),
(4, 'Cliente')
ON CONFLICT (id) DO NOTHING;

SELECT setval('auth_group_id_seq', (SELECT MAX(id) FROM auth_group));


INSERT INTO concesionarioapp_usuario (cedula, password, email, primer_nombre, segundo_nombre, primer_apellido, segundo_apellido, telefono, celular, direccion, ciudad, fecha_nacimiento, genero, is_active, is_staff, is_superuser)
VALUES
('11234567', 'password1', 'cliente1@gmail.com', 'Juan', 'Carlos', 'Gomez', 'Perez', '6021234560', '3101234567', 'Carrera 9 # 10 - 25', 'Cali', '1985-05-15', 'Masculino', TRUE, FALSE, FALSE),
('21234567', 'password2', 'cliente2@gmail.com', 'Maria', '', 'Lopez', 'Rodriguez', '6022345670', '3102345678', 'Calle 5 # 7 - 12', 'Palmira', '1990-03-20', 'Femenino', TRUE, FALSE, FALSE),
('31234567', 'password3', 'cliente3@gmail.com', 'Luis', 'Fernando', 'Hernandez', '', '6023456708', '3103456789', 'Carrera 12 # 15 - 30', 'Jamundi', '1988-08-10', 'Masculino', TRUE, FALSE, FALSE),
('41234567', 'password4', 'cliente4@gmail.com', 'Sofia', 'Isabel', 'Torres', 'Gomez', '6024567809', '3104567890', 'Avenida 3 # 4 - 9', 'Palmira', '1995-11-25', 'Femenino', TRUE, FALSE, FALSE),
('51234567', 'password5', 'cliente5@gmail.com', 'Carlos', 'Alberto', 'Ramirez', 'Lopez', '6025670890', '3105678901', 'Carrera 8 # 12 - 20', 'Cali', '1987-07-05', 'Masculino', TRUE, FALSE, FALSE),
('61234567', 'password6', 'cliente6@gmail.com', 'Ana', 'Maria', 'Garcia', 'Perez', '6026789001', '3106789012', 'Calle 4 # 6 - 15', 'Jamundi', '1993-01-30', 'Femenino', TRUE, FALSE, FALSE),
('71234567', 'password7', 'cliente7@gmail.com', 'Diego', 'Alejandro', 'Perez', '', '6027890120', '3107890123', 'Carrera 11 # 20 - 35', 'Cali', '1989-12-12', 'Masculino', TRUE, FALSE, FALSE),
('81234567', 'password8', 'cliente8@gmail.com', 'Luis', '', 'Gutierrez', 'Gomez', '6028901203', '3108901234', 'Calle 7 # 9 - 18', 'Palmira', '1992-04-17', 'Masculino', TRUE, FALSE, FALSE),
('91234567', 'password9', 'cliente9@gmail.com', 'Camila', 'Sofia', 'Fernandez', 'Lopez', '6029001234', '3109012345', 'Carrera 6 # 8 - 12', 'Jamundi', '1998-09-03', 'Femenino', TRUE, FALSE, FALSE),
('101234567', 'password10', 'cliente10@gmail.com', 'Laura', 'Valentina', 'Martinez', '', '6023405678', '3101234567', 'Calle 9 # 11 - 24', 'Palmira', '1991-06-28', 'Femenino', TRUE, FALSE, FALSE),
('111234567', 'password11', 'cliente11@gmail.com', 'Manuel', 'Antonio', 'Gomez', 'Perez', '6022304567', '3102345678', 'Carrera 15 # 20 - 45', 'Buga', '1980-03-15', 'Masculino', TRUE, FALSE, FALSE),
('121234567', 'password12', 'cliente12@gmail.com', 'Diana', 'Marcela', 'Lopez', 'Rodriguez', '6020345678', '3103456789', 'Calle 8 # 9 - 16', 'Palmira', '1975-07-10', 'Femenino', TRUE, FALSE, FALSE),
('131234567', 'password13', 'cliente13@gmail.com', 'Pedro', 'Alejandro', 'Hernandez', '', '6024567089', '3104567890', 'Avenida 6 # 7 - 19', 'Cali', '1996-11-30', 'Masculino', TRUE, FALSE, FALSE),
('141234567', 'password14', 'cliente14@gmail.com', 'Ana', 'Isabel', 'Torres', 'Gomez', '6025678900', '3105678901', 'Carrera 10 # 12 - 27', 'Jamundi', '1992-02-15', 'Femenino', TRUE, FALSE, FALSE),
('151234567', 'password15', 'cliente15@gmail.com', 'Carlos', 'Fernando', 'Ramirez', 'Lopez', '6020678901', '3106789012', 'Calle 3 # 5 - 14', 'Cali', '1983-05-25', 'Masculino', TRUE, FALSE, FALSE),
('161234567', 'password16', 'cliente16@gmail.com', 'Isabella', 'Sofia', 'Garcia', 'Perez', '6027890012', '3107890123', 'Carrera 14 # 16 - 33', 'Palmira', '1987-09-08', 'Femenino', TRUE, FALSE, FALSE),
('171234567', 'password17', 'cliente17@gmail.com', 'Diego', 'Antonio', 'Gutierrez', 'Gomez', '6028900123', '3108901234', 'Calle 5 # 8 - 19', 'Cali', '1978-01-03', 'Masculino', TRUE, FALSE, FALSE),
('181234567', 'password18', 'cliente18@gmail.com', 'Sofia', '', 'Fernandez', 'Lopez', '6029012304', '3109012345', 'Avenida 2 # 3 - 8', 'Jamundi', '1990-04-22', 'Femenino', TRUE, FALSE, FALSE),
('191234567', 'password19', 'cliente19@gmail.com', 'Juan', 'Carlos', 'Martinez', '', '6023456780', '3101234567', 'Carrera 7 # 9 - 21', 'Palmira', '1985-08-14', 'Masculino', TRUE, FALSE, FALSE),
('201234567', 'password20', 'cliente20@gmail.com', 'Maria', 'Isabel', 'Gomez', 'Perez', '6022345067', '3102345678', 'Calle 11 # 12 - 26', 'Cali', '1993-12-29', 'Femenino', TRUE, FALSE, FALSE),
('211234567', 'password21', 'cliente21@gmail.com', 'Luis', 'Fernando', 'Lopez', 'Rodriguez', '6020345678', '3103456789', 'Carrera 8 # 10 - 23', 'Cali', '1982-07-18', 'Masculino', TRUE, FALSE, FALSE),
('221234567', 'password22', 'cliente22@gmail.com', 'Sofia', 'Alejandra', 'Hernandez', '', '6024567089', '3104567890', 'Calle 12 # 14 - 29', 'Palmira', '1997-04-05', 'Femenino', TRUE, FALSE, FALSE),
('231234567', 'password23', 'cliente23@gmail.com', 'Carlos', 'Alberto', 'Ramirez', 'Gomez', '6025670890', '3105678901', 'Avenida 7 # 9 - 20', 'Jamundi', '1980-09-10', 'Masculino', TRUE, FALSE, FALSE),
('241234567', 'password24', 'cliente24@gmail.com', 'Ana', 'Sofia', 'Garcia', 'Lopez', '6026789001', '3106789012', 'Carrera 5 # 7 - 18', 'Cali', '1989-02-01', 'Femenino', TRUE, FALSE, FALSE),
('251234567', 'password25', 'cliente25@gmail.com', 'Diego', 'Antonio', 'Perez', 'Perez', '6027809012', '3107890123', 'Calle 13 # 15 - 32', 'Jamundi', '1995-06-03', 'Masculino', TRUE, FALSE, FALSE),
('261234567', 'password26', 'cliente26@gmail.com', 'Luis', 'Fernando', 'Gutierrez', 'Gomez', '6028090123', '3108901234', 'Carrera 9 # 11 - 24', 'Palmira', '1987-03-20', 'Masculino', TRUE, FALSE, FALSE),
('271234567', 'password27', 'cliente27@gmail.com', 'Camila', 'Maria', 'Fernandez', 'Lopez', '6029010234', '3109012345', 'Calle 14 # 16 - 33', 'Cali', '1996-11-10', 'Femenino', TRUE, FALSE, FALSE),
('281234567', 'password28', 'cliente28@gmail.com', 'Laura', 'Sofia', 'Martinez', '', '6023456708', '3101234567', 'Avenida 5 # 7 - 18', 'Tulua', '1986-04-27', 'Femenino', TRUE, FALSE, FALSE),
('291234567', 'password29', 'cliente29@gmail.com', 'Manuel', 'Alejandro', 'Gomez', 'Rodriguez', '6022304567', '3102345678', 'Carrera 10 # 12 - 25', 'La Victoria', '1991-08-04', 'Masculino', TRUE, FALSE, FALSE),
('301234567', 'password30', 'cliente30@gmail.com', 'Diana', 'Isabel', 'Lopez', 'Perez', '6023456708', '3103456789', 'Calle 8 # 10 - 21', 'Yotoco', '1984-12-12', 'Femenino', TRUE, FALSE, FALSE),
('311234567', 'password31', 'cliente31@gmail.com', 'Pedro', 'Fernando', 'Hernandez', '', '6024567809', '3104567890', 'Avenida 2 # 4 - 11', 'Dagua', '1992-02-20', 'Masculino', TRUE, FALSE, FALSE),
('321234567', 'password32', 'empleado1@concesionario.co', 'Juan', 'Carlos', 'Gomez', 'Perez', '6024567810', '3104567891', 'Avenida 2 # 4 - 12', 'Cali', '1985-05-16', 'Masculino', TRUE, TRUE, FALSE),
('331234567', 'password33', 'empleado2@concesionario.co', 'Maria', '', 'Lopez', 'Rodriguez', '6025670891', '3105678902', 'Calle 3 # 5 - 15', 'Palmira', '1990-03-21', 'Femenino', TRUE, TRUE, FALSE),
('341234567', 'password34', 'empleado3@concesionario.co', 'Luis', 'Fernando', 'Hernandez', '', '6026789002', '3106789013', 'Carrera 14 # 16 - 34', 'Jamundi', '1988-08-11', 'Masculino', TRUE, TRUE, FALSE),
('351234567', 'password35', 'empleado4@concesionario.co', 'Sofia', 'Isabel', 'Torres', 'Gomez', '6027890013', '3107890124', 'Calle 5 # 8 - 20', 'Cali', '1995-11-26', 'Femenino', TRUE, TRUE, FALSE),
('361234567', 'password36', 'empleado5@concesionario.co', 'Carlos', 'Alberto', 'Ramirez', 'Lopez', '6028900124', '3108901235', 'Avenida 7 # 9 - 21', 'Palmira', '1987-07-06', 'Masculino', TRUE, TRUE, FALSE),
('371234567', 'password37', 'empleado6@concesionario.co', 'Ana', 'Maria', 'Garcia', 'Perez', '6029012345', '3109012346', 'Carrera 5 # 7 - 19', 'Jamundi', '1993-01-31', 'Femenino', TRUE, TRUE, FALSE),
('381234567', 'password38', 'empleado7@concesionario.co', 'Diego', 'Alejandro', 'Perez', '', '6023405679', '3101234568', 'Calle 9 # 11 - 25', 'Palmira', '1991-06-29', 'Masculino', TRUE, TRUE, FALSE),
('391234567', 'password39', 'empleado8@concesionario.co', 'Luis', '', 'Gutierrez', 'Gomez', '6022304568', '3102345679', 'Carrera 10 # 12 - 26', 'Buga', '1980-03-16', 'Masculino', TRUE, TRUE, FALSE),
('401234567', 'password40', 'empleado9@concesionario.co', 'Diana', 'Marcela', 'Lopez', 'Rodriguez', '6020345679', '3103456790', 'Calle 8 # 9 - 17', 'Palmira', '1975-07-11', 'Femenino', TRUE, TRUE, FALSE),
('411234567', 'password41', 'empleado10@concesionario.co', 'Pedro', 'Alejandro', 'Hernandez', '', '6024567090', '3104567891', 'Avenida 6 # 7 - 20', 'Cali', '1996-12-01', 'Masculino', TRUE, TRUE, FALSE),
('421234567', 'password42', 'empleado11@concesionario.co', 'Ana', 'Isabel', 'Torres', 'Gomez', '6025678901', '3105678902', 'Carrera 11 # 12 - 28', 'Jamundi', '1992-02-16', 'Femenino', TRUE, TRUE, FALSE),
('431234567', 'password43', 'empleado12@concesionario.co', 'Carlos', 'Fernando', 'Ramirez', 'Lopez', '6020678902', '3106789013', 'Calle 4 # 6 - 16', 'Cali', '1983-05-26', 'Masculino', TRUE, TRUE, FALSE),
('441234567', 'password44', 'empleado13@concesionario.co', 'Isabella', 'Sofia', 'Garcia', 'Perez', '6027890013', '3107890124', 'Calle 8 # 10 - 22', 'Palmira', '1987-09-09', 'Femenino', TRUE, TRUE, FALSE),
('451234567', 'password45', 'empleado14@concesionario.co', 'Diego', 'Antonio', 'Gutierrez', 'Gomez', '6028900124', '3108901235', 'Carrera 9 # 11 - 25', 'Cali', '1978-01-04', 'Masculino', TRUE, TRUE, FALSE),
('461234567', 'password46', 'empleado15@concesionario.co', 'Sofia', '', 'Fernandez', 'Lopez', '6029012345', '3109012346', 'Avenida 5 # 7 - 19', 'Jamundi', '1990-04-23', 'Femenino', TRUE, TRUE, FALSE),
('471234567', 'password47', 'empleado16@concesionario.co', 'Juan', 'Carlos', 'Martinez', '', '6023456791', '3101234568', 'Carrera 7 # 9 - 22', 'Palmira', '1985-08-15', 'Masculino', TRUE, TRUE, FALSE),
('481234567', 'password48', 'empleado17@concesionario.co', 'Maria', 'Isabel', 'Gomez', 'Perez', '6022345070', '3102345681', 'Calle 11 # 12 - 27', 'Cali', '1993-12-30', 'Femenino', TRUE, TRUE, FALSE),
('491234567', 'password49', 'empleado18@concesionario.co', 'Luis', 'Fernando', 'Lopez', 'Rodriguez', '6020345681', '3103456792', 'Carrera 8 # 10 - 24', 'Cali', '1982-07-19', 'Masculino', TRUE, TRUE, FALSE),
('501234567', 'password50', 'empleado19@concesionario.co', 'Sofia', 'Alejandra', 'Hernandez', '', '6024567092', '3104567893', 'Calle 12 # 14 - 30', 'Palmira', '1997-04-06', 'Femenino', TRUE, TRUE, FALSE),
('511234567', 'password51', 'empleado20@concesionario.co', 'Carlos', 'Alberto', 'Ramirez', 'Gomez', '6025670903', '3105678904', 'Avenida 7 # 9 - 22', 'Jamundi', '1980-09-11', 'Masculino', TRUE, TRUE, FALSE),
('521234567', 'password52', 'empleado21@concesionario.co', 'Ana', 'Sofia', 'Garcia', 'Lopez', '6026789014', '3106789015', 'Carrera 5 # 7 - 20', 'Cali', '1989-02-02', 'Femenino', TRUE, TRUE, FALSE),
('531234567', 'password53', 'empleado22@concesionario.co', 'Diego', 'Antonio', 'Perez', 'Perez', '6027809015', '3107890126', 'Calle 13 # 15 - 33', 'Jamundi', '1995-06-04', 'Masculino', TRUE, TRUE, FALSE),
('541234567', 'password54', 'empleado23@concesionario.co', 'Luis', 'Fernando', 'Gutierrez', 'Gomez', '6028090126', '3108901237', 'Carrera 9 # 11 - 26', 'Palmira', '1987-03-21', 'Masculino', TRUE, TRUE, FALSE),
('551234567', 'password55', 'empleado24@concesionario.co', 'Camila', 'Maria', 'Fernandez', 'Lopez', '6029010237', '3109012348', 'Calle 14 # 16 - 34', 'Cali', '1996-11-11', 'Femenino', TRUE, TRUE, FALSE),
('561234567', 'password56', 'empleado25@concesionario.co', 'Laura', 'Sofia', 'Martinez', '', '6023456709', '3101234569', 'Avenida 5 # 7 - 20', 'Tulua', '1986-04-28', 'Femenino', TRUE, TRUE, FALSE),
('571234567', 'password57', 'empleado26@concesionario.co', 'Manuel', 'Alejandro', 'Gomez', 'Rodriguez', '6022304568', '3102345679', 'Carrera 10 # 12 - 26', 'La Victoria', '1991-08-05', 'Masculino', TRUE, TRUE, FALSE),
('581234567', 'password58', 'empleado27@concesionario.co', 'Diana', 'Isabel', 'Lopez', 'Perez', '6023456710', '3103456791', 'Calle 8 # 10 - 22', 'Yotoco', '1984-12-13', 'Femenino', TRUE, TRUE, FALSE),
('591234567', 'password59', 'empleado28@concesionario.co', 'Pedro', 'Fernando', 'Hernandez', '', '6024567101', '3104567902', 'Avenida 2 # 4 - 12', 'Dagua', '1992-02-21', 'Masculino', TRUE, TRUE, FALSE),
('601234567', 'password60', 'empleado29@concesionario.co', 'Natalia', '', 'Lopez', '', '6025670912', '3105678903', 'Calle 4 # 6 - 17', 'Cali', '1983-05-27', 'Femenino', TRUE, TRUE, FALSE),
('611234567', 'password61', 'empleado30@concesionario.co', 'Daniel', '', 'Llano', '', '6026789023', '3106789014', 'Carrera 14 # 16 - 35', 'Palmira', '1989-09-10', 'Masculino', TRUE, TRUE, FALSE),
('1001234567', 'password100', 'gerente@concesionario.co', 'Miguel', '', 'Restrepo', '', '6024445901', '3117707977', 'Carrera 44 # 24 - 2', 'Cali', '1970-10-10', 'Masculino', TRUE, TRUE, FALSE),
('12345678', 'password', 'admin@correounivalle.edu.co', 'Admin', '', 'Admin', '', '6021234567', '1234567890', 'Localhost', 'Cali', '1990-01-01', 'Masculino', TRUE, TRUE, TRUE)
ON CONFLICT (cedula) DO NOTHING;


INSERT INTO concesionarioapp_cliente (usuario_id)
VALUES
('11234567'),
('21234567'),
('31234567'),
('41234567'),
('51234567'),
('61234567'),
('71234567'),
('81234567'),
('91234567'),
('101234567'),
('111234567'),
('121234567'),
('131234567'),
('141234567'),
('151234567'),
('161234567'),
('171234567'),
('181234567'),
('191234567'),
('201234567'),
('211234567'),
('221234567'),
('231234567'),
('241234567'),
('251234567'),
('261234567'),
('271234567'),
('281234567'),
('291234567'),
('301234567'),
('311234567')
ON CONFLICT (usuario_id) DO NOTHING;

INSERT INTO concesionarioapp_usuario_groups (id, usuario_id, group_id)
VALUES
(1, '11234567', '4'),
(2, '21234567', '4'),
(3, '31234567', '4'),
(4, '41234567', '4'),
(5, '51234567', '4'),
(6, '61234567', '4'),
(7, '71234567', '4'),
(8, '81234567', '4'),
(9, '91234567', '4'),
(10, '101234567', '4'),
(11, '111234567', '4'),
(12, '121234567', '4'),
(13, '131234567', '4'),
(14, '141234567', '4'),
(15, '151234567', '4'),
(16, '161234567', '4'),
(17, '171234567', '4'),
(18, '181234567', '4'),
(19, '191234567', '4'),
(20, '201234567', '4'),
(21, '211234567', '4'),
(22, '221234567', '4'),
(23, '231234567', '4'),
(24, '241234567', '4'),
(25, '251234567', '4'),
(26, '261234567', '4'),
(27, '271234567', '4'),
(28, '281234567', '4'),
(29, '291234567', '4'),
(30, '301234567', '4'),
(31, '311234567', '4')
ON CONFLICT (id) DO NOTHING;

SELECT setval('concesionarioapp_usuario_groups_id_seq', (SELECT MAX(id) FROM concesionarioapp_usuario_groups));


INSERT INTO concesionarioapp_sucursal (id_sucursal, nombre_sucursal, direccion_sucursal, ciudad_sucursal, telefono_sucursal)
VALUES
(1, 'Sucursal Sur', 'Cra. 4 # 12-34', 'Cali', '6021234567'),
(2, 'Sucursal Norte', 'Av. 5 # 45-67', 'Cali', '6022345678'),
(3, 'Sucursal Oriente', 'Cra. 6 # 78-90', 'Cali', '6023456789'),
(4, 'Sucursal Occidente', 'Av. 7 # 23-45', 'Cali', '6024567890'),
(5, 'Sucursal Centro', 'Cra. 8 # 56-78', 'Cali', '6025678901')
ON CONFLICT (nombre_sucursal) DO NOTHING;

SELECT setval('concesionarioapp_sucursal_id_sucursal_seq', (SELECT MAX(id_sucursal) FROM concesionarioapp_sucursal));


INSERT INTO concesionarioapp_empleado (usuario_id, sucursal_id, cargo, fecha_ingreso, fecha_retiro, salario_base, tipo_sangre, eps, arl) 
VALUES
('321234567', '1', 'Vendedor', '2010-02-10', NULL, '2500000', 'O+', 'Comfenalco', 'Colmena'),
('331234567', '1', 'Vendedor', '2012-10-5', NULL, '2300000', 'A-', 'Sanitas', 'Sura'),
('341234567', '1', 'Vendedor', '2011-03-15', NULL, '2600000', 'B+', 'Cafesalud', 'Colmena'),
('351234567', '1', 'Vendedor', '2013-12-02', NULL, '2300000', 'A-', 'Sanitas', 'Sura'),
('361234567', '2', 'Vendedor', '2015-08-20', NULL, '2700000', 'AB+', 'Nueva EPS', 'Colmena'),
('371234567', '2', 'Vendedor', '2017-11-09', NULL, '2400000', 'O+', 'Sura', 'Colmena'),
('381234567', '2', 'Vendedor', '2010-06-25', NULL, '2500000', 'B-', 'Sanitas', 'Sura'),
('391234567', '2', 'Vendedor', '2012-04-11', NULL, '2600000', 'A+', 'Cafam', 'Colmena'),
('401234567', '3', 'Vendedor', '2014-09-30', NULL, '2700000', 'AB-', 'Coomeva', 'Sura'),
('411234567', '3', 'Vendedor', '2016-10-18', NULL, '2800000', 'O-', 'Nueva EPS', 'Colmena'),
('421234567', '3', 'Vendedor', '2011-08-05', NULL, '2900000', 'A-', 'Sura', 'Colmena'),
('431234567', '3', 'Vendedor', '2013-06-17', NULL, '3000000', 'B+', 'Cafam', 'Sura'),
('441234567', '4', 'Vendedor', '2015-01-24', NULL, '3100000', 'AB+', 'Sanitas', 'Colmena'),
('451234567', '4', 'Vendedor', '2017-04-13', NULL, '3200000', 'O+', 'EPS Sura', 'Sura'),
('461234567', '4', 'Vendedor', '2010-12-29', NULL, '3300000', 'B-', 'Cafesalud', 'Colmena'),
('471234567', '4', 'Vendedor', '2012-09-08', NULL, '3400000', 'A+', 'Nueva EPS', 'Sura'),
('481234567', '5', 'Vendedor', '2014-07-16', NULL, '3500000', 'AB-', 'Sura', 'Colmena'),
('491234567', '5', 'Vendedor', '2016-06-02', NULL, '3600000', 'O+', 'Sanitas', 'Sura'),
('501234567', '5', 'Vendedor', '2011-05-14', NULL, '3700000', 'AB+', 'Cafam', 'Sura'),
('511234567', '5', 'Jefe de Taller', '2008-07-02', NULL, '4100000', 'AB-', 'Sura', 'Colmena'),
('521234567', '1', 'Jefe de Taller', '2012-03-19', NULL, '4200000', 'O+', 'Nueva EPS', 'Sura'),
('531234567', '1', 'Jefe de Taller', '2014-08-07', NULL, '4300000', 'A+', 'Sanitas', 'Sura'),
('541234567', '2', 'Jefe de Taller', '2016-09-16', NULL, '2400000', 'B+', 'Cafesalud', 'Colmena'),
('551234567', '2', 'Jefe de Taller', '2011-06-21', NULL, '4500000', 'O-', 'Cafam', 'Colmena'),
('561234567', '3', 'Jefe de Taller', '2013-04-13', NULL, '4600000', 'AB+', 'Cafam', 'Sura'),
('571234567', '3', 'Jefe de Taller', '2015-01-29', NULL, '3700000', 'B+', 'Sanitas', 'Colmena'),
('581234567', '4', 'Jefe de Taller', '2017-04-16', NULL, '3800000', 'O+', 'Coomeva', 'Sura'),
('591234567', '4', 'Jefe de Taller', '2006-01-04', NULL, '5000000', 'O-', 'Nueva EPS', 'Colmena'),
('601234567', '5', 'Jefe de Taller', '2008-09-12', NULL, '4900000', 'A+', 'Sura', 'Sura'),
('611234567', '5', 'Jefe de Taller', '2010-06-27', NULL, '3900000', 'B-', 'Sanitas', 'Colmena'),
('1001234567', '1', 'Gerente', '2000-01-01', NULL, '10000000', 'O+', 'Sura', 'Colmena')
ON CONFLICT (usuario_id) DO NOTHING;


INSERT INTO concesionarioapp_usuario_groups (id, usuario_id, group_id)
VALUES
(32, '321234567', '2'),
(33, '331234567', '2'),
(34, '341234567', '2'),
(35, '351234567', '2'),
(36, '361234567', '2'),
(37, '371234567', '2'),
(38, '381234567', '2'),
(39, '391234567', '2'),
(40, '401234567', '2'),
(41, '411234567', '2'),
(42, '421234567', '2'),
(43, '431234567', '2'),
(44, '441234567', '2'),
(45, '451234567', '2'),
(46, '461234567', '2'),
(47, '471234567', '2'),
(48, '481234567', '2'),
(49, '491234567', '2'),
(50, '501234567', '2'),
(51, '511234567', '3'),
(52, '521234567', '3'),
(53, '531234567', '3'),
(54, '541234567', '3'),
(55, '551234567', '3'),
(56, '561234567', '3'),
(57, '571234567', '3'),
(58, '581234567', '3'),
(59, '591234567', '3'),
(60, '601234567', '3'),
(61, '611234567', '3'),
(62, '1001234567', '1')
ON CONFLICT (id) DO NOTHING;

SELECT setval('concesionarioapp_usuario_groups_id_seq', (SELECT MAX(id) FROM concesionarioapp_usuario_groups));


INSERT INTO concesionarioapp_modelo (id_modelo, nombre_modelo, anho, carroceria, cilindraje, potencia, combustible, numero_pasajeros, precio_base)
VALUES
(1, 'Chevrolet Spark 2019 Gasolina', 2019, 'Sedan', 1000, 75, 'Gasolina', 5, 25000000),
(2, 'Chevrolet Sonic 2018 Gasolina', 2018, 'Sedan', 1500, 100, 'Gasolina', 5, 30000000),
(3, 'Chevrolet Malibu 2018 Gasolina', 2018, 'Sedan', 2000, 160, 'Gasolina', 5, 45000000),
(4, 'Chevrolet Camaro 2019 Gasolina', 2019, 'Convertible', 3800, 455, 'Gasolina', 4, 120000000),
(5, 'Chevrolet Equinox 2019 Gasolina', 2019, 'SUV', 1600, 170, 'Gasolina', 5, 70000000),
(6, 'Chevrolet Blazer 2020 Gasolina', 2020, 'SUV', 2200, 230, 'Gasolina', 5, 85000000),
(7, 'Chevrolet Traverse 2020 Gasolina', 2020, 'SUV', 3100, 310, 'Gasolina', 7, 100000000),
(8, 'Chevrolet Suburban 2021 Gasolina', 2021, 'SUV', 5300, 355, 'Gasolina', 8, 140000000),
(9, 'Chevrolet Trax 2021 Gasolina', 2021, 'SUV', 1400, 155, 'Gasolina', 5, 65000000),
(10, 'Chevrolet Colorado 2018 Gasolina', 2018, 'Pickup', 2500, 200, 'Gasolina', 5, 90000000),
(11, 'Chevrolet Silverado 2019 Gasolina', 2019, 'Pickup', 3600, 355, 'Gasolina', 6, 110000000),
(12, 'Chevrolet Express 2018 Gasolina', 2018, 'Van', 4900, 341, 'Gasolina', 15, 160000000),
(13, 'Chevrolet Bolt 2019 Híbrido', 2019, 'Station Wagon', 1500, 149, 'Híbrido', 5, 90000000),
(14, 'Chevrolet Bolt 2020 Eléctrico', 2020, 'Station Wagon', 1500, 200, 'Eléctrico', 5, 95000000),
(15, 'Chevrolet Camioneta 1 2019 Gasolina', 2019, 'Camioneta', 2500, 175, 'Gasolina', 7, 80000000),
(16, 'Chevrolet Camioneta 2 2018 Gasolina', 2018, 'Camioneta', 2600, 190, 'Gasolina', 7, 85000000),
(17, 'Chevrolet SUV 1 2020 Gasolina', 2020, 'SUV', 1800, 160, 'Gasolina', 5, 75000000),
(18, 'Chevrolet SUV 2 2022 Gasolina', 2022, 'SUV', 1700, 150, 'Gasolina', 5, 78000000),
(19, 'Chevrolet Pickup 1 2021 Gasolina', 2021, 'Pickup', 2200, 190, 'Gasolina', 5, 85000000),
(20, 'Chevrolet Pickup 2 2023 Gasolina', 2023, 'Pickup', 2300, 200, 'Gasolina', 5, 90000000),
(21, 'Chevrolet Captiva 2022 Gasolina', 2022, 'SUV', 1800, 160, 'Gasolina', 5, 85000000),
(22, 'Chevrolet Captiva Sport 2022 Gasolina', 2022, 'SUV', 2000, 180, 'Gasolina', 5, 90000000),
(23, 'Chevrolet Trailblazer 2021 Gasolina', 2021, 'SUV', 1700, 160, 'Gasolina', 5, 82000000),
(24, 'Chevrolet Tahoe 2020 Gasolina', 2020, 'SUV', 5300, 355, 'Gasolina', 8, 135000000),
(25, 'Chevrolet Suburban 2 2022 Gasolina', 2022, 'SUV', 5300, 355, 'Gasolina', 8, 150000000)
ON CONFLICT (id_modelo) DO NOTHING;

SELECT setval('concesionarioapp_modelo_id_modelo_seq', (SELECT MAX(id_modelo) FROM concesionarioapp_modelo));


INSERT INTO concesionarioapp_color (id_color, nombre_color, porcentaje_incremento_por_color, hexadecimal_color)
VALUES
(1, 'Blanco', 0.1, '#FFFFFF'),
(2, 'Negro', 0.08, '#000000'),
(3, 'Rojo', 0.06, '#FF0000'),
(4, 'Azul', 0.05, '#0000FF'),
(5, 'Plata', 0.04, '#C0C0C0'),
(6, 'Gris', 0.03, '#808080'),
(7, 'Verde', 0.02, '#008000'),
(8, 'Amarillo', 0.01, '#FFFF00')
ON CONFLICT (id_color) DO NOTHING;

SELECT setval('concesionarioapp_color_id_color_seq', (SELECT MAX(id_color) FROM concesionarioapp_color));


INSERT INTO concesionarioapp_vehiculo (vin, modelo_vehiculo_id, color_vehiculo_id, sucursal_vehiculo_id, disponible_para_venta)
VALUES
('1GCCS19W128314729', 1, 1, 1, TRUE),
('3GCUKSEC3HG509801', 5, 2, 1, TRUE),
('1GCGTBEN1L1234567', 6, 3, 1, TRUE),
('3GCUKREC7JG509804', 13, 4, 1, TRUE),
('1GNSKCE03BR123456', 24, 5, 1, TRUE),
('1GCCS19W128314730', 1, 6, 2, TRUE),
('3GCUKSEC3HG509802', 2, 7, 2, TRUE),
('1GCGTBEN1L1234568', 9, 8, 2, TRUE),
('3GCUKREC7JG509805', 10, 1, 2, TRUE),
('1GNSKCE03BR123457', 5, 2, 2, TRUE),
('1GCCS19W128314731', 16, 3, 3, TRUE),
('3GCUKSEC3HG509803', 17, 4, 3, TRUE),
('1GCGTBEN1L1234569', 8, 5, 3, TRUE),
('3GCUKREC7JG509806', 2, 6, 3, TRUE),
('1GNSKCE03BR123458', 1, 7, 3, TRUE),
('1GCCS19W128314732', 1, 8, 4, TRUE),
('3GCUKSEC3HG509804', 24, 1, 4, TRUE),
('1GCGTBEN1L1234570', 23, 2, 4, TRUE),
('3GCUKREC7JG509807', 24, 3, 4, TRUE),
('1GNSKCE03BR123459', 15, 4, 4, TRUE),
('1GCCS19W128314733', 6, 5, 5, TRUE),
('3GCUKSEC3HG509805', 7, 6, 5, TRUE),
('1GCGTBEN1L1234571', 8, 7, 5, TRUE),
('3GCUKREC7JG509808', 9, 8, 5, TRUE),
('1GNSKCE03BR123460', 10, 1, 5, TRUE),
('1GNCMDED0L1378092', 1, 1, 1, TRUE),
('3GNGKGED9KG123456', 12, 2, 1, TRUE),
('1GCCWDED1M1123456', 7, 3, 1, TRUE),
('3GNMNGED4KG123457', 4, 4, 1, TRUE),
('1GCSWDED7K1301234', 5, 5, 1, TRUE),
('1GNCMDED0L1378093', 8, 6, 2, TRUE),
('3GNGKGED9KG123457', 9, 7, 2, TRUE),
('1GCCWDED1M1123457', 14, 8, 2, TRUE),
('3GNMNGED4KG123458', 17, 1, 2, TRUE),
('1GCSWDED7K1301235', 17, 2, 2, TRUE),
('1GNCMDED0L1378094', 17, 3, 3, TRUE),
('3GNGKGED9KG123458', 20, 4, 3, TRUE),
('1GCCWDED1M1123458', 21, 5, 3, TRUE),
('3GNMNGED4KG123459', 1, 6, 3, TRUE),
('1GCSWDED7K1301236', 2, 7, 3, TRUE),
('1GNCMDED0L1378095', 3, 8, 4, TRUE),
('3GNGKGED9KG123459', 1, 1, 4, TRUE),
('1GCCWDED1M1123459', 13, 2, 4, TRUE),
('3GNMNGED4KG123460', 5, 3, 4, TRUE),
('1GCSWDED7K1301237', 8, 4, 4, TRUE),
('1GNCMDED0L1378096', 9, 5, 5, TRUE),
('3GNGKGED9KG123460', 16, 6, 5, TRUE),
('1GCCWDED1M1123460', 1, 7, 5, TRUE),
('3GNMNGED4KG123461', 25, 8, 5, TRUE),
('1GCSWDED7K1301238', 22, 1, 5, TRUE),
('1GNCMDED0L1378113', 21, 7, 4, TRUE),
('3GNGKGED9KG123478', 9, 3, 2, TRUE),
('1GCCWDED1M1123477', 3, 5, 1, TRUE),
('3GNMNGED4KG123479', 3, 1, 3, TRUE),
('1GCSWDED7K1301255', 16, 8, 5, TRUE),
('1GNCMDED0L1378114', 2, 6, 2, TRUE),
('3GNGKGED9KG123480', 18, 2, 4, TRUE),
('1GCCWDED1M1123478', 10, 4, 1, TRUE),
('3GNMNGED4KG123481', 24, 7, 5, TRUE),
('1GCSWDED7K1301256', 7, 1, 3, TRUE),
('1GNCMDED0L1378115', 23, 3, 4, TRUE),
('3GNGKGED9KG123482', 9, 8, 1, TRUE),
('1GCCWDED1M1123479', 17, 5, 5, TRUE),
('3GNMNGED4KG123483', 3, 6, 3, TRUE),
('1GCSWDED7K1301257', 22, 2, 1, TRUE),
('1GNCMDED0L1378116', 13, 4, 2, TRUE),
('3GNGKGED9KG123484', 6, 7, 5, TRUE),
('1GCCWDED1M1123480', 1, 1, 3, TRUE),
('3GNMNGED4KG123485', 19, 5, 4, TRUE),
('1GCSWDED7K1301258', 14, 8, 2, TRUE),
('1GNCMDED0L1378117', 11, 6, 1, TRUE),
('3GNGKGED9KG123486', 25, 3, 4, TRUE),
('1GCCWDED1M1123481', 4, 7, 5, TRUE),
('3GNMNGED4KG123487', 21, 2, 3, TRUE),
('1GCSWDED7K1301259', 16, 4, 1, TRUE),
('1GNCMDED0L1378118', 8, 1, 2, TRUE),
('1GNCMDED0L1378201', 14, 2, 4, TRUE),
('3GNGKGED9KG123488', 1, 6, 5, TRUE),
('1GCCWDED1M1123482', 9, 3, 1, TRUE),
('3GNMNGED4KG123489', 19, 7, 2, TRUE),
('1GCSWDED7K1301260', 5, 4, 3, TRUE),
('1GNCMDED0L1378202', 16, 8, 5, TRUE),
('3GNGKGED9KG123490', 7, 1, 2, TRUE),
('1GCCWDED1M1123483', 25, 5, 4, TRUE),
('3GNMNGED4KG123491', 12, 2, 1, TRUE),
('1GCSWDED7K1301261', 2, 3, 3, TRUE),
('1GNCMDED0L1378203', 20, 6, 1, TRUE),
('3GNGKGED9KG123492', 15, 4, 5, TRUE),
('1GCCWDED1M1123484', 3, 5, 2, TRUE),
('3GNMNGED4KG123493', 8, 7, 4, TRUE),
('1GCSWDED7K1301262', 22, 1, 5, TRUE),
('1GNCMDED0L1378204', 13, 8, 3, TRUE),
('3GNGKGED9KG123494', 6, 2, 1, TRUE),
('1GCCWDED1M1123485', 23, 3, 2, TRUE),
('3GNMNGED4KG123495', 11, 5, 3, TRUE),
('1GCSWDED7K1301263', 4, 6, 4, TRUE),
('1GNCMDED0L1378205', 2, 7, 5, TRUE),
('3GNGKGED9KG123496', 10, 1, 1, TRUE),
('1GCCWDED1M1123486', 17, 2, 2, TRUE),
('3GNMNGED4KG123497', 24, 3, 3, TRUE),
('1GCSWDED7K1301264', 18, 4, 4, TRUE),
('1GNCMDED0L1378206', 25, 5, 5, TRUE),
('3GNGKGED9KG123498', 25, 6, 1, TRUE),
('1GCCWDED1M1123487', 6, 7, 2, TRUE),
('3GNMNGED4KG123499', 10, 8, 3, TRUE),
('1GCSWDED7K1301265', 15, 1, 4, TRUE),
('1GNCMDED0L1378207', 8, 2, 5, TRUE),
('3GNGKGED9KG123500', 13, 3, 1, TRUE),
('1GCCWDED1M1123488', 5, 4, 2, TRUE),
('3GNMNGED4KG123501', 2, 5, 3, TRUE),
('1GCSWDED7K1301266', 4, 6, 4, TRUE),
('1GNCMDED0L1378208', 3, 7, 5, TRUE),
('3GNGKGED9KG123502', 12, 8, 1, TRUE),
('1GCCWDED1M1123489', 19, 1, 2, TRUE),
('3GNMNGED4KG123503', 5, 2, 3, TRUE),
('1GCSWDED7K1301267', 1, 3, 4, TRUE),
('1GNCMDED0L1378209', 22, 4, 5, TRUE),
('3GNGKGED9KG123504', 16, 5, 1, TRUE),
('1GCCWDED1M1123490', 1, 6, 2, TRUE),
('3GNMNGED4KG123505', 10, 7, 3, TRUE),
('1GCSWDED7K1301270', 21, 8, 4, TRUE),
('1GNCMDED0L1378210', 4, 1, 5, TRUE),
('3GNGKGED9KG123506', 18, 2, 1, TRUE),
('1GCCWDED1M1123491', 20, 3, 2, TRUE),
('3GNMNGED4KG123507', 9, 4, 3, TRUE),
('1GCSWDED7K1301271', 25, 5, 4, TRUE),
('1GNCMDED0L1378301', 6, 7, 4, TRUE),
('3GNGKGED9KG123508', 11, 1, 5, TRUE),
('1GCCWDED1M1123492', 17, 4, 1, TRUE),
('3GNMNGED4KG123509', 6, 8, 2, TRUE),
('1GCSWDED7K1301272', 6, 2, 3, TRUE),
('1GNCMDED0L1378302', 4, 5, 5, TRUE),
('3GNGKGED9KG123510', 9, 6, 2, TRUE),
('1GCCWDED1M1123493', 21, 7, 4, TRUE),
('3GNMNGED4KG123511', 4, 1, 1, TRUE),
('1GCSWDED7K1301273', 25, 8, 3, TRUE),
('1GNCMDED0L1378303', 7, 3, 1, TRUE),
('3GNGKGED9KG123512', 15, 5, 5, TRUE),
('1GCCWDED1M1123494', 2, 6, 2, TRUE),
('3GNMNGED4KG123513', 19, 7, 4, TRUE),
('1GCSWDED7K1301274', 8, 8, 5, TRUE),
('1GNCMDED0L1378304', 12, 1, 2, TRUE),
('3GNGKGED9KG123514', 22, 2, 4, TRUE),
('1GCCWDED1M1123495', 10, 3, 1, TRUE),
('3GNMNGED4KG123515', 1, 4, 2, TRUE),
('1GCSWDED7K1301275', 16, 5, 3, TRUE),
('1GNCMDED0L1378305', 5, 6, 4, TRUE),
('3GNGKGED9KG123516', 20, 7, 5, TRUE),
('1GCCWDED1M1123496', 13, 8, 1, TRUE),
('3GNMNGED4KG123517', 18, 1, 3, TRUE),
('1GCSWDED7K1301276', 23, 2, 4, TRUE),
('1GNCMDED0L1378306', 9, 3, 5, TRUE),
('3GNGKGED9KG123518', 3, 4, 1, TRUE),
('1GCCWDED1M1123497', 20, 5, 2, TRUE),
('3GNMNGED4KG123519', 8, 6, 3, TRUE),
('1GCSWDED7K1301277', 14, 7, 4, TRUE),
('1GNCMDED0L1378307', 1, 8, 5, TRUE),
('3GNGKGED9KG123520', 11, 1, 1, TRUE),
('1GCCWDED1M1123498', 24, 2, 2, TRUE),
('3GNMNGED4KG123521', 7, 3, 3, TRUE),
('1GCSWDED7K1301278', 19, 4, 4, TRUE),
('1GNCMDED0L1378308', 6, 5, 5, TRUE),
('3GNGKGED9KG123522', 10, 6, 1, TRUE),
('1GCCWDED1M1123499', 16, 7, 2, TRUE),
('3GNMNGED4KG123523', 25, 8, 3, TRUE),
('1GCSWDED7K1301279', 2, 1, 4, TRUE),
('1GNCMDED0L1378309', 13, 2, 5, TRUE),
('3GNGKGED9KG123524', 21, 3, 1, TRUE),
('1GCCWDED1M1123500', 4, 4, 2, TRUE),
('3GNMNGED4KG123525', 9, 5, 3, TRUE),
('1GCSWDED7K1301280', 22, 6, 4, TRUE),
('1GNCMDED0L1378310', 15, 7, 5, TRUE),
('3GNGKGED9KG123526', 3, 8, 1, TRUE),
('1GCCWDED1M1123501', 12, 1, 2, TRUE),
('3GNMNGED4KG123527', 23, 2, 3, TRUE),
('1GCSWDED7K1301281', 10, 3, 4, TRUE),
('1GNCMDED0L1378311', 17, 4, 5, TRUE),
('3GNGKGED9KG123528', 5, 5, 1, TRUE),
('1GCCWDED1M1123502', 24, 6, 2, TRUE),
('3GNMNGED4KG123529', 16, 7, 3, TRUE),
('1GCSWDED7K1301282', 8, 8, 4, TRUE),
('1GNCMDED0L1378312', 2, 1, 5, TRUE),
('3GNGKGED9KG123530', 11, 2, 1, TRUE),
('1GCCWDED1M1123503', 21, 3, 2, TRUE),
('3GNMNGED4KG123531', 7, 4, 3, TRUE),
('1GCSWDED7K1301283', 19, 5, 4, TRUE),
('1GNCMDED0L1378313', 6, 6, 5, TRUE),
('3GNGKGED9KG123532', 10, 7, 1, TRUE),
('1GCCWDED1M1123504', 16, 8, 2, TRUE),
('3GNMNGED4KG123533', 25, 1, 3, TRUE),
('1GCSWDED7K1301284', 1, 2, 4, TRUE),
('1GNCMDED0L1378314', 13, 3, 5, TRUE),
('3GNGKGED9KG123534', 21, 4, 1, TRUE),
('1GCCWDED1M1123505', 4, 5, 2, TRUE),
('3GNMNGED4KG123535', 9, 6, 3, TRUE),
('1GCSWDED7K1301285', 14, 7, 4, TRUE),
('1GNCMDED0L1378315', 1, 8, 5, TRUE),
('3GNGKGED9KG123536', 11, 1, 1, TRUE),
('1GCCWDED1M1123506', 24, 2, 2, TRUE),
('3GNMNGED4KG123537', 7, 3, 3, TRUE),
('1GCSWDED7K1301286', 19, 4, 4, TRUE),
('1GNCMDED0L1378316', 6, 5, 5, TRUE),
('3GNGKGED9KG123538', 10, 6, 1, TRUE),
('1GCCWDED1M1123507', 16, 7, 2, TRUE),
('3GNMNGED4KG123539', 25, 8, 3, TRUE),
('1GCSWDED7K1301287', 2, 1, 4, TRUE),
('1GNCMDED0L1378317', 13, 2, 5, TRUE),
('3GNGKGED9KG123540', 21, 3, 1, TRUE),
('1GCCWDED1M1123508', 4, 4, 2, TRUE),
('3GNMNGED4KG123541', 9, 5, 3, TRUE),
('1GCSWDED7K1301288', 22, 6, 4, TRUE),
('1GNCMDED0L1378318', 15, 7, 5, TRUE),
('3GNGKGED9KG123542', 3, 8, 1, TRUE),
('1GCCWDED1M1123509', 12, 1, 2, TRUE),
('3GNMNGED4KG123543', 23, 2, 3, TRUE),
('1GCSWDED7K1301289', 10, 3, 4, TRUE),
('1GNCMDED0L1378319', 17, 4, 5, TRUE),
('3GNGKGED9KG123544', 5, 5, 1, TRUE),
('1GCCWDED1M1123510', 24, 6, 2, TRUE),
('3GNMNGED4KG123545', 16, 7, 3, TRUE),
('1GCSWDED7K1301290', 8, 8, 4, TRUE),
('1GNCMDED0L1378320', 2, 1, 5, TRUE),
('3GNGKGED9KG123546', 11, 2, 1, TRUE),
('1GCCWDED1M1123511', 21, 3, 2, TRUE),
('3GNMNGED4KG123547', 7, 4, 3, TRUE),
('1GCSWDED7K1301291', 19, 5, 4, TRUE),
('1GNCMDED0L1378321', 6, 6, 5, TRUE),
('3GNGKGED9KG123548', 10, 7, 1, TRUE),
('1GCCWDED1M1123512', 16, 8, 2, TRUE),
('3GNMNGED4KG123549', 25, 1, 3, TRUE),
('1GCSWDED7K1301292', 1, 2, 4, TRUE),
('1GNCMDED0L1378322', 13, 3, 5, TRUE),
('3GNGKGED9KG123550', 21, 4, 1, TRUE),
('1GCCWDED1M1123513', 4, 5, 2, TRUE),
('3GNMNGED4KG123551', 9, 6, 3, TRUE),
('1GCSWDED7K1301293', 14, 7, 4, TRUE),
('1GNCMDED0L1378323', 1, 8, 5, TRUE),
('3GNGKGED9KG123552', 11, 1, 1, TRUE),
('1GCCWDED1M1123514', 24, 2, 2, TRUE),
('3GNMNGED4KG123553', 7, 3, 3, TRUE),
('1GCSWDED7K1301294', 19, 4, 4, TRUE),
('1GNCMDED0L1378324', 6, 5, 5, TRUE),
('3GNGKGED9KG123554', 10, 6, 1, TRUE),
('1GCCWDED1M1123515', 16, 7, 2, TRUE),
('3GNMNGED4KG123555', 25, 8, 3, TRUE),
('1GCSWDED7K1301295', 2, 1, 4, TRUE),
('1GNCMDED0L1378325', 13, 2, 5, TRUE),
('1GCWTBED1K1123450', 13, 6, 3, TRUE),
('3GTNDMEX8LZ123450', 14, 7, 4, TRUE),
('1GTNDDREW9R123451', 15, 8, 5, TRUE),
('3GTNDEXH5JZ123452', 1, 1, 1, TRUE),
('1GTNDMEN2PZ123453', 2, 2, 2, TRUE),
('3GTNDMEX4KZ123454', 3, 3, 3, TRUE),
('1GTNDREW7VZ123455', 4, 4, 4, TRUE),
('3GTNDMEX9WZ123456', 5, 5, 5, TRUE),
('1GTNDMEN1LZ123457', 6, 6, 1, TRUE),
('3GTNDREW3MZ123458', 7, 7, 2, TRUE),
('1GTNDEXH1KZ123459', 8, 8, 3, TRUE),
('3GTNDMEX2GZ123460', 9, 1, 4, TRUE),
('1GTNDREW8FZ123461', 10, 2, 5, TRUE),
('3GTNDMEX0HZ123462', 11, 3, 1, TRUE),
('1GTNDEXH4EZ123463', 12, 4, 2, TRUE),
('3GTNDMEX7UZ123464', 13, 5, 3, TRUE),
('1GTNDREW6WZ123465', 14, 6, 4, TRUE),
('3GTNDMEX5JZ123466', 15, 7, 5, TRUE),
('1GTNDEXH8HZ123467', 1, 8, 1, TRUE),
('3GTNDMEX1EZ123468', 2, 1, 2, TRUE),
('1GTNDREW9UZ123469', 3, 2, 3, TRUE),
('3GTNDMEX3WZ123470', 4, 3, 4, TRUE),
('1GTNDEXH2JZ123471', 5, 4, 5, TRUE),
('3GTNDMEX4KZ123472', 6, 5, 1, TRUE),
('1GTNDREW5UZ123473', 7, 6, 2, TRUE),
('3GTNDMEX6WZ123474', 8, 7, 3, TRUE),
('1GTNDEXH7EZ123475', 9, 8, 4, TRUE),
('3GTNDMEX8JZ123476', 10, 1, 5, TRUE),
('1GTNDEXH0UZ123477', 11, 2, 1, TRUE),
('3GTNDREW1KZ123478', 12, 3, 2, TRUE),
('1GTNDEXH3WZ123479', 13, 4, 3, TRUE),
('3GTNDMEX5JZ123480', 14, 5, 4, TRUE),
('1GTNDREW7UZ123481', 15, 6, 5, TRUE),
('3GTNDMEX9KZ123482', 1, 7, 1, TRUE),
('1GTNDEXH1WZ123483', 2, 8, 2, TRUE),
('3GTNDMEX3EZ123484', 3, 1, 3, TRUE),
('1GTNDREW4KZ123485', 4, 2, 4, TRUE),
('3GTNDMEX6WZ123486', 5, 3, 5, TRUE),
('1GTNDEXH8EZ123487', 6, 4, 1, TRUE),
('3GTNDMEX0KZ123488', 7, 5, 2, TRUE),
('1GTNDREW2UZ123489', 8, 6, 3, TRUE),
('3GTNDMEX4EZ123490', 9, 7, 4, TRUE),
('1GTNDEXH6WZ123491', 10, 8, 5, TRUE),
('3GTNDMEX8KZ123492', 11, 1, 1, TRUE),
('1GTNDEXH0UZ123493', 12, 2, 2, TRUE),
('3GTNDREW2KZ123494', 13, 3, 3, TRUE),
('1GTNDEXH3WZ123495', 14, 4, 4, TRUE),
('3GTNDMEX5EZ123496', 15, 5, 5, TRUE),
('1GTNDREW7UZ123497', 1, 6, 1, TRUE),
('3GTNDMEX9KZ123498', 2, 7, 2, TRUE),
('1GTNDEXH1WZ123499', 3, 8, 3, TRUE),
('3GTNDREW3EZ123500', 4, 1, 4, TRUE),
('1GTNDEXH5KZ123501', 5, 2, 5, TRUE),
('3GTNDMEX8WZ123502', 6, 3, 1, TRUE),
('1GTNDREW0UZ123503', 7, 4, 2, TRUE),
('3GTNDMEX2KZ123504', 8, 5, 3, TRUE),
('1GTNDEXH4WZ123505', 9, 6, 4, TRUE),
('3GTNDREW6EZ123506', 10, 7, 5, TRUE),
('1GTNDEXH8KZ123507', 11, 8, 1, TRUE),
('3GTNDREW1UZ123508', 12, 1, 2, TRUE),
('1GTNDEXH3WZ123509', 13, 2, 3, TRUE),
('3GTNDMEX5KZ123510', 14, 3, 4, TRUE),
('1GTNDEXH7UZ123511', 15, 4, 5, TRUE),
('3GTNDMEX9WZ123512', 1, 5, 1, TRUE),
('1GTNDEXH0EZ123513', 2, 6, 2, TRUE),
('3GTNDREW2KZ123514', 3, 7, 3, TRUE),
('1GTNDEXH4UZ123515', 4, 8, 4, TRUE),
('3GTNDMEX6EZ123516', 5, 1, 5, TRUE),
('1GTNDEXH8KZ123517', 6, 2, 1, TRUE),
('3GTNDREW1UZ123518', 7, 3, 2, TRUE),
('1GTNDEXH0EZ123519', 8, 4, 3, TRUE),
('3GTNDMEX3KZ123520', 9, 5, 4, TRUE),
('1GTNDEXH4UZ123521', 10, 6, 5, TRUE),
('3GTNDREW6EZ123522', 11, 7, 1, TRUE),
('1GTNDEXH8KZ123523', 12, 8, 2, TRUE),
('3GTNDREW1UZ123524', 13, 1, 3, TRUE),
('1GTNDEXH0EZ123525', 14, 2, 4, TRUE),
('3GTNDMEX3KZ123526', 15, 3, 5, TRUE),
('1GTNDEXH4UZ123527', 1, 4, 1, TRUE),
('3GTNDREW6EZ123528', 2, 5, 2, TRUE),
('1GTNDEXH8KZ123529', 3, 6, 3, TRUE),
('3GTNDREW1UZ123530', 4, 7, 4, TRUE),
('1GTNDEXH0EZ123531', 5, 8, 5, TRUE),
('3GTNDMEX3KZ123532', 6, 1, 1, TRUE),
('1GTNDEXH4UZ123533', 7, 2, 2, TRUE),
('3GTNDREW6EZ123534', 8, 3, 3, TRUE),
('1GTNDEXH8KZ123535', 9, 4, 4, TRUE),
('3GTNDREW1UZ123536', 10, 5, 5, TRUE),
('1GTNDEXH0EZ123537', 11, 6, 1, TRUE),
('3GTNDMEX3KZ123538', 12, 7, 2, TRUE),
('1GTNDEXH4UZ123539', 13, 8, 3, TRUE),
('3GTNDREW6EZ123540', 14, 1, 4, TRUE),
('1GTNDEXH8KZ123541', 15, 2, 5, TRUE),
('3GTNDREW1UZ123542', 1, 3, 1, TRUE),
('1GTNDEXH0EZ123543', 2, 4, 2, TRUE),
('3GTNDMEX3KZ123544', 3, 5, 3, TRUE),
('1GTNDEXH4UZ123545', 4, 6, 4, TRUE),
('3GTNDREW6EZ123546', 5, 7, 5, TRUE),
('1GTNDEXH8KZ123547', 6, 8, 1, TRUE),
('3GTNDREW1UZ123548', 7, 1, 2, TRUE),
('1GTNDEXH0EZ123549', 8, 2, 3, TRUE),
('3GTNDMEX3KZ123550', 9, 3, 4, TRUE),
('1GTNDEXH4UZ123551', 10, 4, 5, TRUE),
('3GTNDREW6EZ123552', 11, 5, 1, TRUE),
('1GTNDEXH8KZ123553', 12, 6, 2, TRUE),
('3GTNDREW1UZ123554', 13, 7, 3, TRUE),
('1GTNDEXH0EZ123555', 14, 8, 4, TRUE),
('3GTNDMEX3KZ123556', 15, 1, 5, TRUE),
('1GTNDEXH4UZ123557', 1, 2, 1, TRUE),
('3GTNDREW6EZ123558', 2, 3, 2, TRUE),
('1GTNDEXH8KZ123559', 3, 4, 3, TRUE),
('3GTNDREW1UZ123560', 4, 5, 4, TRUE),
('1GTNDEXH0EZ123561', 5, 6, 5, TRUE),
('3GTNDMEX3KZ123562', 6, 7, 1, TRUE),
('1GTNDEXH4UZ123563', 7, 8, 2, TRUE),
('3GTNDREW6EZ123564', 8, 1, 3, TRUE),
('1GTNDEXH8KZ123565', 9, 2, 4, TRUE),
('3GTNDREW1UZ123566', 10, 3, 5, TRUE),
('1GTNDEXH0EZ123567', 11, 4, 1, TRUE),
('3GTNDMEX3KZ123568', 12, 5, 2, TRUE),
('1GTNDEXH4UZ123569', 13, 6, 3, TRUE),
('3GTNDREW6EZ123570', 14, 7, 4, TRUE),
('1GTNDEXH8KZ123571', 15, 8, 5, TRUE),
('3GTNDREW1UZ123572', 1, 1, 1, TRUE),
('1GTNDEXH0EZ123573', 2, 2, 2, TRUE),
('3GTNDMEX3KZ123574', 3, 3, 3, TRUE),
('1GTNDEXH4UZ123575', 4, 4, 4, TRUE),
('3GTNDREW6EZ123576', 5, 5, 5, TRUE),
('1GTNDEXH8KZ123577', 6, 6, 1, TRUE),
('3GTNDREW1UZ123578', 7, 7, 2, TRUE)
ON CONFLICT (vin) DO NOTHING;

UPDATE concesionarioapp_vehiculo
SET modelo_vehiculo_id = FLOOR(RANDOM() * 8) + 1;


INSERT INTO concesionarioapp_extra (id_extra, nombre_extra, descripcion_extra)
VALUES
(1, 'Kit de Carretera', 'Incluye gato, llave de cruz, triángulos de seguridad, linterna y otros elementos útiles para emergencias en carretera.'),
(2, 'SOAT Primer Año', 'Seguro Obligatorio de Accidentes de Tránsito para el primer año del vehículo, cubriendo daños a terceros.'),
(3, 'Extintor', 'Extintor de incendios de 5 libras con carga completa y listo para usar en caso de emergencia.'),
(4, 'Manijas de Lujo', 'Juego de manijas de puertas cromadas para darle un toque de elegancia al vehículo.'),
(5, 'Tapetes Personalizados', 'Conjunto de tapetes de alta calidad con el logo de la marca del vehículo.'),
(6, 'Película de Protección Solar', 'Película de protección solar para las ventanas del vehículo que reduce el calor y protege del sol.'),
(7, 'Bluetooth Hands-Free', 'Sistema Bluetooth para llamadas telefónicas manos libres y reproducción de música en el vehículo.')
ON CONFLICT (id_extra) DO NOTHING;

SELECT setval('concesionarioapp_extra_id_extra_seq', (SELECT MAX(id_extra) FROM concesionarioapp_extra));


INSERT INTO concesionarioapp_venta (id_venta, vendedor_id, cliente_id, fecha_venta)
VALUES
(1, '321234567', '11234567', '2022-01-05'),
(2, '331234567', '21234567', '2022-01-10'),
(3, '341234567', '31234567', '2022-01-15'),
(4, '351234567', '41234567', '2022-01-20'),
(5, '361234567', '51234567', '2022-01-25'),
(6, '371234567', '61234567', '2022-01-30'),
(7, '381234567', '71234567', '2022-01-07'),
(8, '391234567', '81234567', '2022-01-12'),
(9, '401234567', '91234567', '2022-01-17'),
(10, '411234567', '101234567', '2022-01-22'),
(11, '421234567', '111234567', '2022-02-03'),
(12, '431234567', '121234567', '2022-02-08'),
(13, '441234567', '131234567', '2022-02-13'),
(14, '451234567', '141234567', '2022-02-18'),
(15, '461234567', '151234567', '2022-02-23'),
(16, '471234567', '161234567', '2022-02-06'),
(17, '481234567', '171234567', '2022-02-11'),
(18, '491234567', '181234567', '2022-02-16'),
(19, '501234567', '191234567', '2022-03-02'),
(20, '321234567', '201234567', '2022-03-07'),
(21, '331234567', '211234567', '2022-03-12'),
(22, '341234567', '221234567', '2022-03-17'),
(23, '351234567', '231234567', '2022-03-22'),
(24, '361234567', '241234567', '2022-03-27'),
(25, '371234567', '251234567', '2022-03-04'),
(26, '381234567', '261234567', '2022-03-09'),
(27, '391234567', '271234567', '2022-03-14'),
(28, '401234567', '281234567', '2022-03-19'),
(29, '411234567', '291234567', '2022-03-24'),
(30, '421234567', '301234567', '2022-03-29'),
(31, '431234567', '311234567', '2022-04-05'),
(32, '441234567', '21234567', '2022-04-10'),
(33, '451234567', '31234567', '2022-04-15'),
(34, '461234567', '41234567', '2022-04-20'),
(35, '471234567', '51234567', '2022-04-25'),
(36, '481234567', '61234567', '2022-04-02'),
(37, '491234567', '71234567', '2022-05-01'),
(38, '501234567', '81234567', '2022-05-06'),
(39, '321234567', '91234567', '2022-05-11'),
(40, '331234567', '41234567', '2022-05-16'),
(41, '341234567', '11234567', '2022-05-21'),
(42, '351234567', '21234567', '2022-05-26'),
(43, '361234567', '31234567', '2022-05-03'),
(44, '371234567', '41234567', '2022-05-08'),
(45, '381234567', '51234567', '2022-05-13'),
(46, '391234567', '61234567', '2022-05-18'),
(47, '401234567', '71234567', '2022-05-23'),
(48, '411234567', '81234567', '2022-05-28'),
(49, '421234567', '91234567', '2022-05-05'),
(50, '431234567', '51234567', '2022-05-10'),
(51, '441234567', '11234567', '2022-05-15'),
(52, '451234567', '11234567', '2022-06-01'),
(53, '461234567', '11234567', '2022-06-06'),
(54, '471234567', '21234567', '2022-06-11'),
(55, '481234567', '131234567', '2022-06-16'),
(56, '491234567', '141234567', '2022-06-21'),
(57, '501234567', '151234567', '2022-06-26'),
(58, '321234567', '161234567', '2022-06-03'),
(59, '331234567', '171234567', '2022-06-08'),
(60, '341234567', '181234567', '2022-06-13'),
(61, '351234567', '191234567', '2022-06-18'),
(62, '361234567', '201234567', '2022-06-23'),
(63, '371234567', '211234567', '2022-06-28'),
(64, '381234567', '221234567', '2022-06-05'),
(65, '391234567', '231234567', '2022-06-10'),
(66, '401234567', '241234567', '2022-06-15'),
(67, '411234567', '251234567', '2022-06-20'),
(68, '421234567', '261234567', '2022-06-25'),
(69, '431234567', '271234567', '2022-06-02'),
(70, '441234567', '281234567', '2022-06-07'),
(71, '451234567', '291234567', '2022-06-12'),
(72, '461234567', '301234567', '2022-06-17'),
(73, '471234567', '311234567', '2022-06-22'),
(74, '481234567', '21234567', '2022-06-27'),
(75, '491234567', '31234567', '2022-06-04'),
(76, '501234567', '41234567', '2022-06-09'),
(77, '511234567', '51234567', '2022-07-01'),
(78, '321234567', '61234567', '2022-07-06'),
(79, '331234567', '71234567', '2022-07-11'),
(80, '341234567', '81234567', '2022-07-16'),
(81, '351234567', '91234567', '2022-07-21'),
(82, '361234567', '41234567', '2022-07-26'),
(83, '371234567', '41234567', '2022-07-03'),
(84, '381234567', '21234567', '2022-07-08'),
(85, '391234567', '31234567', '2022-07-13'),
(86, '401234567', '41234567', '2022-07-18'),
(87, '411234567', '51234567', '2022-08-02'),
(88, '421234567', '61234567', '2022-08-07'),
(89, '431234567', '71234567', '2022-08-12'),
(90, '441234567', '81234567', '2022-08-17'),
(91, '451234567', '91234567', '2022-08-22'),
(92, '461234567', '51234567', '2022-09-01'),
(93, '471234567', '51234567', '2022-09-06'),
(94, '481234567', '21234567', '2022-09-11'),
(95, '491234567', '31234567', '2022-09-16'),
(96, '501234567', '41234567', '2022-09-21'),
(97, '321234567', '31234567', '2022-09-26'),
(98, '331234567', '61234567', '2022-09-03'),
(99, '341234567', '71234567', '2022-09-08'),
(100, '351234567', '81234567', '2022-09-13'),
(101, '361234567', '91234567', '2022-09-18'),
(102, '371234567', '41234567', '2022-09-23'),
(103, '381234567', '41234567', '2022-09-28'),
(104, '391234567', '21234567', '2022-10-05'),
(105, '401234567', '31234567', '2022-10-10'),
(106, '411234567', '41234567', '2022-10-15'),
(107, '421234567', '51234567', '2022-10-20'),
(108, '431234567', '61234567', '2022-10-25'),
(109, '441234567', '71234567', '2022-10-02'),
(110, '451234567', '81234567', '2022-10-07'),
(111, '461234567', '91234567', '2022-10-12'),
(112, '471234567', '51234567', '2022-10-17'),
(113, '481234567', '51234567', '2022-10-22'),
(114, '491234567', '21234567', '2022-10-27'),
(115, '321234567', '11234567', '2022-11-11'),
(116, '331234567', '21234567', '2022-11-16'),
(117, '341234567', '31234567', '2022-11-21'),
(118, '351234567', '41234567', '2022-11-26'),
(119, '361234567', '51234567', '2022-11-03'),
(120, '371234567', '61234567', '2022-11-08'),
(121, '381234567', '71234567', '2022-11-13'),
(122, '391234567', '81234567', '2022-11-18'),
(123, '401234567', '91234567', '2022-11-23'),
(124, '411234567', '101234567', '2022-11-28'),
(125, '421234567', '111234567', '2022-11-05'),
(126, '431234567', '121234567', '2022-11-10'),
(127, '441234567', '131234567', '2022-11-15'),
(128, '451234567', '141234567', '2022-11-20'),
(129, '461234567', '151234567', '2022-11-25'),
(130, '471234567', '161234567', '2022-12-02'),
(131, '481234567', '171234567', '2022-12-07'),
(132, '491234567', '181234567', '2022-12-12'),
(133, '501234567', '191234567', '2022-12-17'),
(134, '511234567', '201234567', '2022-12-22'),
(135, '321234567', '211234567', '2022-12-27'),
(136, '331234567', '221234567', '2022-12-04'),
(137, '341234567', '231234567', '2022-12-09'),
(138, '351234567', '241234567', '2022-12-14'),
(139, '361234567', '251234567', '2022-12-19'),
(140, '371234567', '261234567', '2022-12-24'),
(141, '381234567', '271234567', '2022-12-01'),
(142, '391234567', '281234567', '2022-12-06'),
(143, '401234567', '291234567', '2022-12-11'),
(144, '411234567', '301234567', '2022-12-16'),
(145, '421234567', '311234567', '2022-12-21'),
(146, '431234567', '21234567', '2022-12-26'),
(147, '441234567', '31234567', '2022-12-03'),
(148, '451234567', '41234567', '2022-12-08'),
(149, '461234567', '51234567', '2022-12-13'),
(150, '471234567', '61234567', '2022-12-18'),
(151, '481234567', '71234567', '2022-12-23'),
(152, '491234567', '81234567', '2022-12-28'),
(153, '501234567', '91234567', '2022-12-05'),
(154, '511234567', '41234567', '2022-12-30'),
(155, '321234567', '11234567', '2023-01-05'),
(156, '331234567', '21234567', '2023-01-10'),
(157, '341234567', '31234567', '2023-01-15'),
(158, '351234567', '41234567', '2023-01-20'),
(159, '361234567', '51234567', '2023-01-25'),
(160, '371234567', '61234567', '2023-01-30'),
(161, '381234567', '71234567', '2023-01-07'),
(162, '391234567', '81234567', '2023-01-12'),
(163, '401234567', '91234567', '2023-01-17'),
(164, '411234567', '101234567', '2023-01-22'),
(165, '421234567', '11234567', '2023-02-03'),
(166, '431234567', '21234567', '2023-02-08'),
(167, '441234567', '31234567', '2023-02-13'),
(168, '451234567', '41234567', '2023-02-18'),
(169, '461234567', '51234567', '2023-02-23'),
(170, '471234567', '61234567', '2023-02-06'),
(171, '481234567', '71234567', '2023-02-11'),
(172, '491234567', '81234567', '2023-02-16'),
(173, '501234567', '91234567', '2023-02-21'),
(174, '511234567', '101234567', '2023-02-26'),
(175, '321234567', '11234567', '2023-03-03'),
(176, '331234567', '21234567', '2023-03-08'),
(177, '341234567', '31234567', '2023-03-13'),
(178, '351234567', '41234567', '2023-03-18'),
(179, '361234567', '51234567', '2023-03-23'),
(180, '371234567', '61234567', '2023-03-06'),
(181, '381234567', '71234567', '2023-03-11'),
(182, '391234567', '81234567', '2023-03-16'),
(183, '401234567', '91234567', '2023-03-21'),
(184, '411234567', '101234567', '2023-03-26'),
(185, '421234567', '11234567', '2023-03-04'),
(186, '431234567', '21234567', '2023-03-09'),
(187, '441234567', '31234567', '2023-03-14'),
(188, '451234567', '41234567', '2023-03-19'),
(189, '461234567', '51234567', '2023-03-24'),
(190, '471234567', '61234567', '2023-03-29'),
(191, '481234567', '71234567', '2023-03-02'),
(192, '491234567', '81234567', '2023-03-07'),
(193, '501234567', '91234567', '2023-03-12'),
(194, '511234567', '101234567', '2023-03-17'),
(195, '321234567', '11234567', '2023-04-05'),
(196, '331234567', '21234567', '2023-04-10'),
(197, '341234567', '31234567', '2023-04-15'),
(198, '351234567', '41234567', '2023-04-20'),
(199, '361234567', '51234567', '2023-04-25'),
(200, '371234567', '61234567', '2023-04-02'),
(201, '381234567', '71234567', '2023-04-01'),
(202, '391234567', '81234567', '2023-04-06'),
(203, '401234567', '91234567', '2023-04-11'),
(204, '411234567', '101234567', '2023-04-16'),
(205, '421234567', '11234567', '2023-04-23'),
(206, '431234567', '21234567', '2023-04-28'),
(207, '441234567', '31234567', '2023-04-03'),
(208, '451234567', '41234567', '2023-04-08'),
(209, '461234567', '51234567', '2023-04-13'),
(210, '471234567', '61234567', '2023-04-18'),
(211, '481234567', '71234567', '2023-04-25'),
(212, '491234567', '81234567', '2023-04-22'),
(213, '501234567', '91234567', '2023-04-27'),
(214, '511234567', '101234567', '2023-04-04'),
(215, '321234567', '11234567', '2023-04-09'),
(216, '331234567', '21234567', '2023-04-14'),
(217, '341234567', '31234567', '2023-04-19'),
(218, '351234567', '41234567', '2023-04-24'),
(219, '361234567', '51234567', '2023-04-01'),
(220, '371234567', '61234567', '2023-04-26'),
(221, '381234567', '71234567', '2023-04-03'),
(222, '391234567', '81234567', '2023-04-08'),
(223, '401234567', '91234567', '2023-04-13'),
(224, '411234567', '101234567', '2023-04-18'),
(225, '421234567', '11234567', '2023-04-27'),
(226, '431234567', '21234567', '2023-04-04'),
(227, '441234567', '31234567', '2023-04-09'),
(228, '451234567', '41234567', '2023-05-15'),
(229, '461234567', '51234567', '2023-05-20'),
(230, '471234567', '61234567', '2023-05-25'),
(231, '481234567', '71234567', '2023-05-02'),
(232, '491234567', '81234567', '2023-05-07'),
(233, '501234567', '91234567', '2023-06-12'),
(234, '511234567', '101234567', '2023-06-17'),
(235, '321234567', '11234567', '2023-06-22'),
(236, '331234567', '21234567', '2023-06-27'),
(237, '341234567', '31234567', '2023-06-04'),
(238, '351234567', '41234567', '2023-06-09'),
(239, '361234567', '51234567', '2023-06-14'),
(240, '371234567', '61234567', '2023-06-19'),
(241, '381234567', '71234567', '2023-06-24'),
(242, '391234567', '81234567', '2023-06-01'),
(243, '401234567', '91234567', '2023-06-26'),
(244, '411234567', '101234567', '2023-07-03'),
(245, '421234567', '11234567', '2023-07-08'),
(246, '431234567', '21234567', '2023-07-13'),
(247, '441234567', '31234567', '2023-07-18'),
(248, '451234567', '41234567', '2023-07-23'),
(249, '461234567', '51234567', '2023-07-06'),
(250, '471234567', '61234567', '2023-07-11'),
(251, '481234567', '71234567', '2023-07-16'),
(252, '491234567', '81234567', '2023-08-21'),
(253, '501234567', '91234567', '2023-08-26'),
(254, '511234567', '101234567', '2023-08-02'),
(255, '321234567', '11234567', '2023-08-07'),
(256, '331234567', '21234567', '2023-08-12'),
(257, '341234567', '31234567', '2023-08-17'),
(258, '351234567', '41234567', '2023-08-22'),
(259, '361234567', '51234567', '2023-08-27'),
(260, '371234567', '61234567', '2023-08-04'),
(261, '381234567', '71234567', '2023-08-09'),
(262, '391234567', '81234567', '2023-08-14'),
(263, '401234567', '91234567', '2023-08-19'),
(264, '411234567', '101234567', '2023-08-24'),
(265, '421234567', '11234567', '2023-08-01'),
(266, '431234567', '21234567', '2023-08-06'),
(267, '441234567', '31234567', '2023-08-11'),
(268, '451234567', '41234567', '2023-08-16'),
(269, '461234567', '51234567', '2023-08-29'),
(270, '471234567', '61234567', '2023-08-31'),
(271, '481234567', '71234567', '2023-08-28'),
(272, '491234567', '81234567', '2023-08-05'),
(273, '501234567', '91234567', '2023-09-10'),
(274, '511234567', '101234567', '2023-09-15'),
(275, '321234567', '11234567', '2023-09-20'),
(276, '331234567', '21234567', '2023-09-25'),
(277, '341234567', '31234567', '2023-09-02'),
(278, '351234567', '41234567', '2023-09-07'),
(279, '361234567', '51234567', '2023-09-12'),
(280, '371234567', '61234567', '2023-09-17'),
(281, '381234567', '71234567', '2023-09-22'),
(282, '391234567', '81234567', '2023-09-27'),
(283, '401234567', '91234567', '2023-09-04'),
(284, '411234567', '101234567', '2023-09-09'),
(285, '421234567', '11234567', '2023-09-14'),
(286, '431234567', '21234567', '2023-09-19'),
(287, '441234567', '31234567', '2023-09-24'),
(288, '451234567', '41234567', '2023-09-01'),
(289, '461234567', '51234567', '2023-09-06'),
(290, '471234567', '61234567', '2023-09-11'),
(291, '481234567', '71234567', '2023-09-16'),
(292, '491234567', '81234567', '2023-09-21'),
(293, '401234567', '11234567', '2023-10-05'),
(294, '411234567', '21234567', '2023-10-10'),
(295, '421234567', '31234567', '2023-10-15'),
(296, '431234567', '41234567', '2023-10-20'),
(297, '441234567', '51234567', '2023-10-25'),
(298, '451234567', '61234567', '2023-10-02'),
(299, '461234567', '71234567', '2023-10-07'),
(300, '471234567', '81234567', '2023-10-12'),
(301, '481234567', '91234567', '2023-10-17'),
(302, '491234567', '101234567', '2023-10-22'),
(303, '501234567', '111234567', '2023-11-01'),
(304, '511234567', '121234567', '2023-11-06'),
(305, '321234567', '131234567', '2023-11-11'),
(306, '331234567', '141234567', '2023-11-16'),
(307, '341234567', '151234567', '2023-11-21'),
(308, '351234567', '161234567', '2023-11-26'),
(309, '361234567', '171234567', '2023-11-03'),
(310, '371234567', '181234567', '2023-11-08'),
(311, '381234567', '191234567', '2023-11-13'),
(312, '391234567', '201234567', '2023-11-18'),
(313, '401234567', '211234567', '2023-11-23'),
(314, '411234567', '221234567', '2023-11-28'),
(315, '421234567', '231234567', '2023-11-05'),
(316, '431234567', '241234567', '2023-11-10'),
(317, '441234567', '251234567', '2023-12-01'),
(318, '451234567', '261234567', '2023-12-06'),
(319, '461234567', '271234567', '2023-12-11'),
(320, '471234567', '281234567', '2023-12-16'),
(321, '481234567', '291234567', '2023-12-21'),
(322, '491234567', '301234567', '2023-12-26'),
(323, '501234567', '311234567', '2023-12-03'),
(324, '511234567', '11234567', '2023-12-08'),
(325, '321234567', '21234567', '2023-12-13'),
(326, '331234567', '31234567', '2023-12-18'),
(327, '341234567', '41234567', '2023-12-23'),
(328, '351234567', '51234567', '2023-12-28'),
(329, '361234567', '61234567', '2023-12-05'),
(330, '371234567', '71234567', '2023-12-10'),
(331, '381234567', '81234567', '2023-12-15'),
(332, '391234567', '91234567', '2023-12-20'),
(333, '401234567', '51234567', '2023-12-25')
ON CONFLICT (id_venta) DO NOTHING;

SELECT setval('concesionarioapp_venta_id_venta_seq', (SELECT MAX(id_venta) FROM concesionarioapp_venta));


INSERT INTO concesionarioapp_venta_vehiculo (id_venta_vehiculo, venta_id, vehiculo_id, extra_id, porcentaje_descuento)
VALUES
(1, 1, '1GCCS19W128314729', 1, 0),
(2, 2, '3GCUKSEC3HG509801', 2, 0.05),
(3, 3, '1GCGTBEN1L1234567', 3, 0.10),
(4, 4, '3GCUKREC7JG509804', 4, 0.15),
(5, 5, '1GNSKCE03BR123456', 5, 0.20),
(6, 6, '1GCCS19W128314730', 6, 0),
(7, 7, '3GCUKSEC3HG509802', 7, 0.05), 
(8, 8, '1GCGTBEN1L1234568', 1, 0.10),
(9, 9, '3GCUKREC7JG509805', 2, 0.15),
(10, 10, '1GNSKCE03BR123457', 3, 0.20),
(11, 11, '1GCCS19W128314731', 4, 0),
(12, 12, '3GCUKSEC3HG509803', 5, 0.05),
(13, 13, '1GCGTBEN1L1234569', 6, 0.10),
(14, 14, '3GCUKREC7JG509806', 7, 0.15),
(15, 15, '1GNSKCE03BR123458', 1, 0.20),
(16, 16, '1GCCS19W128314732', 2, 0),
(17, 17, '3GCUKSEC3HG509804', 3, 0.05),
(18, 18, '1GCGTBEN1L1234570', 4, 0.10),
(19, 19, '3GCUKREC7JG509807', 5, 0.15),
(20, 20, '1GNSKCE03BR123459', 6, 0.20),
(21, 21, '1GCCS19W128314733', 7, 0),
(22, 22, '3GCUKSEC3HG509805', 1, 0.05),
(23, 23, '1GCGTBEN1L1234571', 2, 0.10),
(24, 24, '3GCUKREC7JG509808', 3, 0.15),
(25, 25, '1GNSKCE03BR123460', 4, 0.20),
(26, 26, '1GNCMDED0L1378092', 5, 0),
(27, 27, '3GNGKGED9KG123456', 6, 0.05),
(28, 28, '1GCCWDED1M1123456', 7, 0.10),
(29, 29, '3GNMNGED4KG123457', 1, 0.15),
(30, 30, '1GCSWDED7K1301234', 2, 0.20),
(31, 31, '1GNCMDED0L1378093', 3, 0),
(32, 32, '3GNGKGED9KG123457', 4, 0.05),
(33, 33, '1GCCWDED1M1123457', 5, 0.10),
(34, 34, '3GNMNGED4KG123458', 6, 0.15),
(35, 35, '1GCSWDED7K1301235', 7, 0.20),
(36, 36, '1GNCMDED0L1378094', 1, 0),
(37, 37, '3GNGKGED9KG123458', 2, 0.05),
(38, 38, '1GCCWDED1M1123458', 3, 0.10),
(39, 39, '3GNMNGED4KG123459', 4, 0.15),
(40, 40, '1GCSWDED7K1301236', 5, 0.20),
(41, 41, '1GNCMDED0L1378095', 6, 0),
(42, 42, '3GNGKGED9KG123459', 7, 0.05),
(43, 43, '1GCCWDED1M1123459', 1, 0.10),
(44, 44, '3GNMNGED4KG123460', 2, 0.15),
(45, 45, '1GCSWDED7K1301237', 3, 0.20),
(46, 46, '1GNCMDED0L1378096', 4, 0),
(47, 47, '3GNGKGED9KG123460', 5, 0.05),
(48, 48, '1GCCWDED1M1123460', 6, 0.10),
(49, 49, '3GNMNGED4KG123461', 7, 0.15),
(50, 50, '1GCSWDED7K1301238', 1, 0.20),
(51, 51, '1GNCMDED0L1378113', 2, 0),
(52, 52, '3GNGKGED9KG123478', 3, 0.05),
(53, 53, '1GCCWDED1M1123477', 4, 0.10),
(54, 54, '3GNMNGED4KG123479', 5, 0.15),
(55, 55, '1GCSWDED7K1301255', 6, 0.20),
(56, 56, '1GNCMDED0L1378114', 7, 0),
(57, 57, '3GNGKGED9KG123480', 1, 0.05),
(58, 58, '1GCCWDED1M1123478', 2, 0.10),
(59, 59, '3GNMNGED4KG123481', 3, 0.15),
(60, 60, '1GCSWDED7K1301256', 4, 0.20),
(61, 61, '1GNCMDED0L1378115', 5, 0),
(62, 62, '3GNGKGED9KG123482', 6, 0.05),
(63, 63, '1GCCWDED1M1123479', 7, 0.10),
(64, 64, '3GNMNGED4KG123483', 1, 0.15),
(65, 65, '1GCSWDED7K1301257', 2, 0.20),
(66, 66, '1GNCMDED0L1378116', 3, 0),
(67, 67, '3GNGKGED9KG123484', 4, 0.05),
(68, 68, '1GCCWDED1M1123480', 5, 0.10),
(69, 69, '3GNMNGED4KG123485', 6, 0.15),
(70, 70, '1GCSWDED7K1301258', 7, 0.20),
(71, 71, '1GNCMDED0L1378117', 1, 0),
(72, 72, '3GNGKGED9KG123486', 2, 0.05),
(73, 73, '1GCCWDED1M1123481', 3, 0.10),
(74, 74, '3GNMNGED4KG123487', 4, 0.15),
(75, 75, '1GCSWDED7K1301259', 5, 0.20),
(76, 76, '1GNCMDED0L1378118', 6, 0),
(77, 77, '3GNGKGED9KG123488', 7, 0.05),
(78, 78, '1GCCWDED1M1123482', 1, 0.10),
(79, 79, '3GNMNGED4KG123489', 2, 0.15),
(80, 80, '1GCSWDED7K1301260', 3, 0.20),
(81, 81, '1GNCMDED0L1378202', 4, 0),
(82, 82, '3GNGKGED9KG123490', 5, 0.05),
(83, 83, '1GCCWDED1M1123483', 6, 0.10),
(84, 84, '3GNMNGED4KG123491', 7, 0.15),
(85, 85, '1GCSWDED7K1301261', 1, 0.20),
(86, 86, '1GNCMDED0L1378203', 2, 0),
(87, 87, '3GNGKGED9KG123492', 3, 0.05),
(88, 88, '1GCCWDED1M1123484', 4, 0.10),
(89, 89, '3GNMNGED4KG123493', 5, 0.15),
(90, 90, '1GCSWDED7K1301262', 6, 0.20),
(91, 91, '1GNCMDED0L1378204', 7, 0),
(92, 92, '3GNGKGED9KG123494', 1, 0.05),
(93, 93,'1GCCWDED1M1123485', 2, 0.10),
(94, 94, '3GNMNGED4KG123495', 3, 0.15),
(95, 95, '1GCSWDED7K1301263', 4, 0.20),
(96, 96, '1GNCMDED0L1378205', 5, 0),
(97, 97, '3GNGKGED9KG123496', 6, 0.05),
(98, 98, '1GCCWDED1M1123486', 7, 0.10),
(99, 99, '3GNMNGED4KG123497', 1, 0.15),
(100, 100, '1GCSWDED7K1301264', 2, 0.20),
(101, 101, '1GNCMDED0L1378206', 3, 0),
(102, 102, '3GNGKGED9KG123498', 4, 0.05),
(103, 103, '1GCCWDED1M1123487', 5, 0.10),
(104, 104, '3GNMNGED4KG123499', 6, 0.15),
(105, 105, '1GCSWDED7K1301265', 7, 0.20),
(106, 106, '1GNCMDED0L1378207', 1, 0),
(107, 107, '3GNGKGED9KG123500', 2, 0.05),
(108, 108, '1GCCWDED1M1123488', 3, 0.10),
(109, 109, '3GNMNGED4KG123501', 4, 0.15),
(110, 110, '1GCSWDED7K1301266', 5, 0.20),
(111, 111, '1GNCMDED0L1378208', 6, 0),
(112, 112, '3GNGKGED9KG123502', 7, 0.05),
(113, 113, '1GCCWDED1M1123489', 1, 0.10),
(114, 114, '3GNMNGED4KG123503', 2, 0.15),
(115, 115, '1GCSWDED7K1301267', 3, 0.20),
(116, 116, '1GNCMDED0L1378209', 4, 0),
(117, 117, '3GNGKGED9KG123504', 5, 0.05),
(118, 118, '1GCCWDED1M1123490', 6, 0.10),
(119, 119, '3GNMNGED4KG123505', 7, 0.15),
(120, 120, '1GCSWDED7K1301270', 1, 0.20),
(121, 121, '1GNCMDED0L1378210', 2, 0),
(122, 122, '3GNGKGED9KG123506', 3, 0.05),
(123, 123, '1GCCWDED1M1123491', 4, 0.10),
(124, 124, '3GNMNGED4KG123507', 5, 0.15),
(125, 125, '1GCSWDED7K1301271', 6, 0.20),
(126, 126, '1GNCMDED0L1378301', 7, 0),
(127, 127, '3GNGKGED9KG123508', 1, 0.05),
(128, 128, '1GCCWDED1M1123492', 2, 0.10),
(129, 129, '3GNMNGED4KG123509', 3, 0.15),
(130, 130, '1GCSWDED7K1301272', 4, 0.20),
(131, 131, '1GNCMDED0L1378302', 5, 0),
(132, 132, '3GNGKGED9KG123510', 6, 0.05),
(133, 133, '1GCCWDED1M1123493', 7, 0.10),
(134, 134, '3GNMNGED4KG123511', 1, 0.15),
(135, 135, '1GCSWDED7K1301273', 2, 0.20),
(136, 136, '1GNCMDED0L1378303', 3, 0),
(137, 137, '3GNGKGED9KG123512', 4, 0.05),
(138, 138, '1GCCWDED1M1123494', 5, 0.10),
(139, 139, '3GNMNGED4KG123513', 6, 0.15),
(140, 140, '1GCSWDED7K1301274', 7, 0.20),
(141, 141, '1GNCMDED0L1378304', 1, 0),
(142, 142, '3GNGKGED9KG123514', 2, 0.05),
(143, 143, '1GCCWDED1M1123495', 3, 0.10),
(144, 144, '3GNMNGED4KG123515', 4, 0.15),
(145, 145, '1GCSWDED7K1301275', 5, 0.20),
(146, 146, '1GNCMDED0L1378305', 6, 0),
(147, 147, '3GNGKGED9KG123516', 7, 0.05),
(148, 148, '1GCCWDED1M1123496', 1, 0.10),
(149, 149, '3GNMNGED4KG123517', 2, 0.15),
(150, 150, '1GCSWDED7K1301276', 3, 0.20),
(151, 151, '1GNCMDED0L1378306', 4, 0),
(152, 152, '3GNGKGED9KG123518', 5, 0.05),
(153, 153, '1GCCWDED1M1123497', 6, 0.1),
(154, 154, '3GNMNGED4KG123519', 7, 0.15),
(155, 155, '1GCSWDED7K1301277', 1, 0.20),
(156, 156, '1GNCMDED0L1378307', 2, 0),
(157, 157, '3GNGKGED9KG123520', 3, 0.05),
(158, 158, '1GCCWDED1M1123498', 4, 0.10),
(159, 159, '3GNMNGED4KG123521', 5, 0.15),
(160, 160, '1GCSWDED7K1301278', 6, 0.20),
(161, 161, '1GNCMDED0L1378308', 7, 0),
(162, 162, '3GNGKGED9KG123522', 1, 0.05),
(163, 163, '1GCCWDED1M1123499', 2, 0.10),
(164, 164, '3GNMNGED4KG123523', 3, 0.15),
(165, 165, '1GCSWDED7K1301279', 4, 0.20),
(166, 166, '1GNCMDED0L1378309', 5, 0),
(167, 167, '3GNGKGED9KG123524', 6, 0.05),
(168, 168, '1GCCWDED1M1123500', 7, 0.10),
(169, 169, '3GNMNGED4KG123525', 1, 0.15),
(170, 170, '1GCSWDED7K1301280', 2, 0.20),
(171, 171, '1GNCMDED0L1378310', 3, 0),
(172, 172, '3GNGKGED9KG123526', 4, 0.05),
(173, 173, '1GCCWDED1M1123501', 5, 0.10),
(174, 174, '3GNMNGED4KG123527', 6, 0.15),
(175, 175, '1GCSWDED7K1301281', 7, 0.20),
(176, 176, '1GNCMDED0L1378311', 1, 0),
(177, 177, '3GNGKGED9KG123528', 2, 0.05),
(178, 178, '1GCCWDED1M1123502', 3, 0.10),
(179, 179, '3GNMNGED4KG123529', 4, 0.15),
(180, 180, '1GCSWDED7K1301282', 5, 0.20),
(181, 181, '1GNCMDED0L1378312', 6, 0),
(182, 182, '3GNGKGED9KG123530', 7, 0.05),
(183, 183, '1GCCWDED1M1123503', 1, 0.10),
(184, 184, '3GNMNGED4KG123531', 2, 0.15),
(185, 185, '1GCSWDED7K1301283', 3, 0.20),
(186, 186, '1GNCMDED0L1378313', 4, 0),
(187, 187, '3GNGKGED9KG123532', 5, 0.05),
(188, 188, '1GCCWDED1M1123504', 6, 0.10),
(189, 189, '3GNMNGED4KG123533', 7, 0.15),
(190, 190, '1GCSWDED7K1301284', 1, 0.20),
(191, 191, '1GNCMDED0L1378314', 2, 0),
(192, 192, '3GNGKGED9KG123534', 3, 0.05),
(193, 193, '1GCCWDED1M1123505', 4, 0.10),
(194, 194, '3GNMNGED4KG123535', 5, 0.15),
(195, 195, '1GCSWDED7K1301285', 6, 0.20),
(196, 196, '1GNCMDED0L1378315', 7, 0),
(197, 197, '3GNGKGED9KG123536', 1, 0.05),
(198, 198, '1GCCWDED1M1123506', 2, 0.10),
(199, 199, '3GNMNGED4KG123537', 3, 0.15),
(200, 200, '1GCSWDED7K1301286', 4, 0.20),
(201, 201, '1GNCMDED0L1378316', 5, 0),
(202, 202, '3GNGKGED9KG123538', 6, 0.05),
(203, 203, '1GCCWDED1M1123507', 7, 0.10),
(204, 204, '3GNMNGED4KG123539', 1, 0.15),
(205, 205, '1GCSWDED7K1301287', 2, 0.20),
(206, 206, '1GNCMDED0L1378317', 3, 0),
(207, 207, '3GNGKGED9KG123540', 4, 0.05),
(208, 208, '1GCCWDED1M1123508', 5, 0.10),
(209, 209, '3GNMNGED4KG123541', 6, 0.15),
(210, 210, '1GCSWDED7K1301288', 7, 0.20),
(211, 211, '1GNCMDED0L1378318', 1, 0),
(212, 212, '3GNGKGED9KG123542', 2, 0.05),
(213, 213, '1GCCWDED1M1123509', 3, 0.10),
(214, 214, '3GNMNGED4KG123543', 4, 0.15),
(215, 215, '1GCSWDED7K1301289', 5, 0.20),
(216, 216, '1GNCMDED0L1378319', 6, 0),
(217, 217, '3GNGKGED9KG123544', 7, 0.05),
(218, 218, '1GCCWDED1M1123510', 1, 0.10),
(219, 219, '3GNMNGED4KG123545', 2, 0.15),
(220, 220, '1GCSWDED7K1301290', 3, 0.20),
(221, 221, '1GNCMDED0L1378320', 4, 0),
(222, 222, '3GNGKGED9KG123546', 5, 0.05),
(223, 223, '1GCCWDED1M1123511', 6, 0.10),
(224, 224, '3GNMNGED4KG123547', 7, 0.15),
(225, 225, '1GCSWDED7K1301291', 1, 0.20),
(226, 226, '1GNCMDED0L1378321', 2, 0),
(227, 227, '3GNGKGED9KG123548', 3, 0.05),
(228, 228, '1GCCWDED1M1123512', 4, 0.10),
(229, 229, '3GNMNGED4KG123549', 5, 0.15),
(230, 230, '1GCSWDED7K1301292', 6, 0.20),
(231, 231, '1GNCMDED0L1378322', 7, 0),
(232, 232, '3GNGKGED9KG123550', 1, 0.05),
(233, 233, '1GCCWDED1M1123513', 2, 0.10),
(234, 234, '3GNMNGED4KG123551', 3, 0.15),
(235, 235, '1GCSWDED7K1301293', 4, 0.20),
(236, 236, '1GNCMDED0L1378323', 5, 0),
(237, 237, '3GNGKGED9KG123552', 6, 0.05),
(238, 238, '1GCCWDED1M1123514', 7, 0.10),
(239, 239, '3GNMNGED4KG123553', 1, 0.15),
(240, 240, '1GCSWDED7K1301294', 2, 0.20),
(241, 241, '1GNCMDED0L1378324', 3, 0),
(242, 242, '3GNGKGED9KG123554', 4, 0.05),
(243, 243, '1GCCWDED1M1123515', 5, 0.10),
(244, 244, '3GNMNGED4KG123555', 6, 0.15),
(245, 245, '1GCSWDED7K1301295', 7, 0.20),
(246, 246, '1GNCMDED0L1378325', 1, 0),
(247, 247, '1GCWTBED1K1123450', 2, 0.05),
(248, 248, '3GTNDMEX8LZ123450', 3, 0.10),
(249, 249, '1GTNDDREW9R123451', 4, 0.15),
(250, 250, '3GTNDEXH5JZ123452', 5, 0.20),
(251, 251, '1GTNDMEN2PZ123453', 6, 0),
(252, 252, '3GTNDMEX4KZ123454', 7, 0.05),
(253, 253, '1GTNDREW7VZ123455', 1, 0.10),
(254, 254, '3GTNDMEX9WZ123456', 2, 0.15),
(255, 255, '1GTNDMEN1LZ123457', 3, 0.20),
(256, 256, '3GTNDREW3MZ123458', 4, 0),
(257, 257, '1GTNDEXH1KZ123459', 5, 0.05),
(258, 258, '3GTNDMEX2GZ123460', 6, 0.10),
(259, 259, '1GTNDREW8FZ123461', 7, 0.15),
(260, 260, '3GTNDMEX0HZ123462', 1, 0.20),
(261, 261, '1GTNDEXH4EZ123463', 2, 0),
(262, 262, '3GTNDMEX7UZ123464', 3, 0.05),
(263, 263, '1GTNDREW6WZ123465', 4, 0.10),
(264, 264, '3GTNDMEX5JZ123466', 5, 0.15),
(265, 265, '1GTNDEXH8HZ123467', 6, 0.20),
(266, 266, '3GTNDMEX1EZ123468', 7, 0),
(267, 267, '1GTNDREW9UZ123469', 1, 0.05),
(268, 268, '3GTNDMEX3WZ123470', 2, 0.10),
(269, 269, '1GTNDEXH2JZ123471', 3, 0.15),
(270, 270, '3GTNDMEX4KZ123472', 4, 0.20),
(271, 271, '1GTNDREW5UZ123473', 5, 0),
(272, 272, '3GTNDMEX6WZ123474', 6, 0.05),
(273, 273, '1GTNDEXH7EZ123475', 7, 0.10),
(274, 274, '3GTNDMEX8JZ123476', 1, 0.15),
(275, 275, '1GTNDEXH0UZ123477', 2, 0.20),
(276, 276, '3GTNDREW1KZ123478', 3, 0),
(277, 277, '1GTNDEXH3WZ123479', 4, 0.05),
(278, 278, '3GTNDMEX5JZ123480', 5, 0.10),
(279, 279, '1GTNDREW7UZ123481', 6, 0.15),
(280, 280, '3GTNDMEX9KZ123482', 7, 0.20),
(281, 281, '1GTNDEXH1WZ123483', 1, 0),
(282, 282, '3GTNDMEX3EZ123484', 2, 0.05),
(283, 283, '1GTNDREW4KZ123485', 3, 0.10),
(284, 284, '3GTNDMEX6WZ123486', 4, 0.15),
(285, 285, '1GTNDEXH8EZ123487', 5, 0.20),
(286, 286, '3GTNDMEX0KZ123488', 6, 0),
(287, 287, '1GTNDREW2UZ123489', 7, 0.05),
(288, 288, '3GTNDMEX4EZ123490', 1, 0.10),
(289, 289, '1GTNDEXH6WZ123491', 2, 0.15),
(290, 290, '3GTNDMEX8KZ123492', 3, 0.20),
(291, 291, '1GTNDEXH0UZ123493', 4, 0),
(292, 292, '3GTNDREW2KZ123494', 5, 0.05),
(293, 293, '1GTNDEXH3WZ123495', 6, 0.10),
(294, 294, '3GTNDMEX5EZ123496', 7, 0.15),
(295, 295, '1GTNDREW7UZ123497', 1, 0.20),
(296, 296, '3GTNDMEX9KZ123498', 2, 0),
(297, 297, '1GTNDEXH1WZ123499', 3, 0.05),
(298, 298, '3GTNDREW3EZ123500', 4, 0.10),
(299, 299, '1GTNDEXH5KZ123501', 5, 0.15),
(300, 300, '3GTNDMEX8WZ123502', 6, 0.20),
(301, 301, '1GTNDREW0UZ123503', 7, 0),
(302, 302, '3GTNDMEX2KZ123504', 1, 0.05),
(303, 303, '1GTNDEXH4WZ123505', 2, 0.10),
(304, 304, '3GTNDREW6EZ123506', 3, 0.15),
(305, 305, '1GTNDEXH8KZ123507', 4, 0.20),
(306, 306, '3GTNDREW1UZ123508', 5, 0),
(307, 307, '1GTNDEXH3WZ123509', 6, 0.05),
(308, 308, '3GTNDMEX5KZ123510', 7, 0.10),
(309, 309, '1GTNDEXH7UZ123511', 1, 0.15),
(310, 310, '3GTNDMEX9WZ123512', 2, 0.20),
(311, 311, '1GTNDEXH0EZ123513', 3, 0),
(312, 312, '3GTNDREW2KZ123514', 4, 0.05),
(313, 313, '1GTNDEXH4UZ123515', 5, 0.10),
(314, 314, '3GTNDMEX6EZ123516', 6, 0.15),
(315, 315, '1GTNDEXH8KZ123517', 7, 0.20),
(316, 316, '3GTNDREW1UZ123518', 1, 0),
(317, 317, '1GTNDEXH0EZ123519', 2, 0.05),
(318, 318, '3GTNDMEX3KZ123520', 3, 0.10),
(319, 319, '1GTNDEXH4UZ123521', 4, 0.15),
(320, 320, '3GTNDREW6EZ123522', 5, 0.20),
(321, 321, '1GTNDEXH8KZ123523', 6, 0),
(322, 322, '3GTNDREW1UZ123524', 7, 0.05),
(323, 323, '1GTNDEXH0EZ123525', 1, 0.10),
(324, 324, '3GTNDMEX3KZ123526', 2, 0.15),
(325, 325, '1GTNDEXH4UZ123527', 3, 0.20),
(326, 326, '3GTNDREW6EZ123528', 4, 0),
(327, 327, '1GTNDEXH8KZ123529', 5, 0.05),
(328, 328, '3GTNDREW1UZ123530', 6, 0.10),
(329, 329, '1GTNDEXH0EZ123531', 7, 0.15),
(330, 330, '3GTNDMEX3KZ123532', 1, 0.20),
(331, 331, '1GTNDEXH4UZ123533', 2, 0),
(332, 332, '3GTNDREW6EZ123534', 3, 0.05),
(333, 1, '1GTNDEXH8KZ123535', 4, 0.10),
(334, 1, '3GTNDREW1UZ123536', 5, 0.15),
(335, 1, '1GTNDEXH0EZ123537', 6, 0.20),
(336, 4, '3GTNDMEX3KZ123538', 7, 0),
(337, 8, '1GTNDEXH4UZ123539', 1, 0.05),
(338, 155, '3GTNDREW6EZ123540', 2, 0.10),
(339, 155, '1GTNDEXH8KZ123541', 3, 0.15),
(340, 158, '3GTNDREW1UZ123542', 4, 0.20),
(341, 160, '1GTNDEXH0EZ123543', 5, 0),
(342, 329, '3GTNDMEX3KZ123544', 6, 0.05),
(343, 330, '1GTNDEXH4UZ123545', 7, 0.10),
(344, 330, '3GTNDREW6EZ123546', 1, 0.15),
(345, 5, '1GTNDEXH8KZ123547', 2, 0.20),
(346, 24, '3GTNDREW1UZ123548', 3, 0),
(347, 30, '1GTNDEXH0EZ123549', 4, 0.05)
ON CONFLICT (id_venta_vehiculo) DO NOTHING;

SELECT setval('concesionarioapp_venta_vehiculo_id_venta_vehiculo_seq', (SELECT MAX(id_venta_vehiculo) FROM concesionarioapp_venta_vehiculo));

UPDATE concesionarioapp_venta_vehiculo
SET extra_id = FLOOR(RANDOM() * 7) + 1;


UPDATE concesionarioapp_vehiculo 
SET disponible_para_venta = FALSE 
WHERE vin IN (
  SELECT vehiculo_id 
  FROM concesionarioapp_venta_vehiculo
);
/*
INSERT INTO concesionarioapp_cotizacion(id_cotizacion, vendedor_id, cliente_id, fecha_creacion, fecha_vencimiento)
VALUES 
(1, '371234567', '131234567', '2023-11-08', '2023-11-28'),
(2, '371234567', '131234567', '2023-11-08', '2023-11-28'),
(3, '371234567', '131234567', '2023-11-08', '2023-11-28'),
(4, '371234567', '131234567', '2023-11-08', '2023-11-28'),
(5, '371234567', '131234567', '2023-11-08', '2023-11-28'),
(6, '371234567', '131234567', '2023-11-08', '2023-11-28'),
(7, '371234567', '131234567', '2023-11-08', '2023-11-28'),
(8, '371234567', '131234567', '2023-11-08', '2023-11-28'),
(9, '371234567', '131234567', '2023-11-08', '2023-11-28'),
(10, '371234567', '131234567', '2023-11-08', '2023-11-28')
ON CONFLICT (id_cotizacion) DO NOTHING;

SELECT setval('concesionarioapp_cotizacion_id_cotizacion_seq', (SELECT MAX(id_cotizacion) FROM concesionarioapp_cotizacion));


INSERT INTO concesionarioapp_cotizacion_modelo(id_cotizacion_modelo, cotizacion_id, modelo_id, color_id, extra_id, cantidad)
VALUES
(1, 1, 1, 1, 1, 1),
(2, 2, 2, 2, 2, 1),
(3, 3, 3, 3, 3, 1),
(4, 4, 4, 4, 4, 1),
(5, 5, 5, 5, 5, 1),
(6, 6, 6, 6, 6, 1),
(7, 7, 7, 7, 7, 1),
(8, 8, 8, 8, 1, 1),
(9, 9, 9, 2, 2, 1),
(10, 10, 1, 3, 1, 1),
(11, 1, 2, 3, 4, 1),
(12, 6, 7, 8, 5, 1),
(13, 1, 3, 5, 7, 1),
(14, 2, 4, 6, 6, 1),
(15, 10, 8, 6, 4, 1),
(16, 5, 2, 8, 1, 1),
(17, 9, 6, 3, 3, 1),
(18, 1, 5, 3, 2, 1),
(19, 7, 3, 8, 4, 1),
(20, 2, 9, 4, 7, 1),
(21, 10, 1, 7, 5, 1),
(22, 6, 10, 3, 2, 1),
(23, 4, 7, 1, 5, 1),
(24, 8, 2, 6, 3, 1),
(25, 5, 8, 4, 1, 1)
ON CONFLICT (id_cotizacion_modelo) DO NOTHING;

SELECT setval('concesionarioapp_cotizacion_modelo_id_cotizacion_modelo_seq', (SELECT MAX(id_cotizacion_modelo) FROM concesionarioapp_cotizacion_modelo));
*/

