INSERT INTO concesionarioapp_usuario (cedula, password, email, primer_nombre, segundo_nombre, primer_apellido, segundo_apellido, telefono, celular, direccion, ciudad, fecha_nacimiento, genero, is_active, is_staff, is_superuser)
VALUES
('11234567', 'password1', 'cliente1@gmail.com', 'Juan', 'Carlos', 'Gomez', 'Perez', '6021234560', '3101234567', 'Carrera 9 # 10 - 25', 'Cali', '1985-05-15', 'Masculino', TRUE, FALSE, FALSE),
('21234567', 'password2', 'cliente2@gmail.com', 'Maria', '', 'Lopez', 'Rodriguez', '6022345670', '3102345678', 'Calle 5 # 7 - 12', 'Palmira', '1990-03-20', 'Femenino', TRUE, FALSE, FALSE),
('31234567', 'password3', 'cliente3@gmail.com', 'Luis', 'Fernando', 'Hernandez', '', '6023456708', '3103456789', 'Carrera 12 # 15 - 30', 'Jamundi', '1988-08-10', 'Masculino', TRUE, FALSE, FALSE),
('41234567', 'password4', 'cliente4@gmail.com', 'Sofia', 'Isabel', 'Torres', 'Gomez', '6024567809', '3104567890', 'Avenida 3 # 4 - 9', 'Palmira', '1995-11-25', 'Femenino', TRUE, FALSE, FALSE),
('51234567', 'password5', 'cliente5@gmail.com', 'Carlos', 'Alberto', 'Ramirez', 'Lopez', '6025670890', '3105678901', 'Carrera 8 # 12 - 20', 'Cali', '1987-07-05', 'Masculino', TRUE, FALSE, FALSE),
('61234567', 'password6', 'cliente6@gmail.com', 'Ana', 'Maria', 'Garcia', 'Perez', '6026789001', '3106789012', 'Calle 4 # 6 - 15', 'Jamundi', '1993-01-30', 'Femenino', TRUE, FALSE, FALSE),
('71234567', 'password7', 'cliente7@gmail.com', 'Diego', 'Alejandro', 'Perez', '', '6027890120', '3107890123', 'Carrera 11 # 20 - 35', 'Cali', '1989-12-12', 'Masculino', TRUE, FALSE, FALSE),
('81234567', 'password8', 'cliente8@gmail.com', 'Luis', '', 'Gutierrez', 'Gomez', '6028901203', '3108901234', 'Calle 7 # 9 - 18', 'Palmira', '1992-04-17', 'Masculino', TRUE, FALSE, FALSE),
('91234567', 'password9', 'cliente9@gmail.com', 'Camila', 'Sofia', 'Fernandez', 'Lopez', '6029001234', '3109012345', 'Carrera 6 # 8 - 12', 'Jamundi', '1998-09-03', 'Femenino', TRUE, FALSE, FALSE),
('101234567', 'password10', 'cliente10@gmail.com', 'Laura', 'Valentina', 'Martinez', '', '6023405678', '3101234567', 'Calle 9 # 11 - 24', 'Palmira', '1991-06-28', 'Femenino', TRUE, FALSE, FALSE),
('111234567', 'password11', 'cliente11@gmail.com', 'Manuel', 'Antonio', 'Gomez', 'Perez', '6022304567', '3102345678', 'Carrera 15 # 20 - 45', 'Buga', '1980-03-15', 'Masculino', TRUE, FALSE, FALSE),
('121234567', 'password12', 'cliente12@gmail.com', 'Diana', 'Marcela', 'Lopez', 'Rodriguez', '6020345678', '3103456789', 'Calle 8 # 9 - 16', 'Palmira', '1975-07-10', 'Femenino', TRUE, FALSE, FALSE),
('131234567', 'password13', 'cliente13@gmail.com', 'Pedro', 'Alejandro', 'Hernandez', '', '6024567089', '3104567890', 'Avenida 6 # 7 - 19', 'Cali', '1996-11-30', 'Masculino', TRUE, FALSE, FALSE),
('141234567', 'password14', 'cliente14@gmail.com', 'Ana', 'Isabel', 'Torres', 'Gomez', '6025678900', '3105678901', 'Carrera 10 # 12 - 27', 'Jamundi', '1992-02-15', 'Femenino', TRUE, FALSE, FALSE),
('151234567', 'password15', 'cliente15@gmail.com', 'Carlos', 'Fernando', 'Ramirez', 'Lopez', '6020678901', '3106789012', 'Calle 3 # 5 - 14', 'Cali', '1983-05-25', 'Masculino', TRUE, FALSE, FALSE),
('161234567', 'password16', 'cliente16@gmail.com', 'Isabella', 'Sofia', 'Garcia', 'Perez', '6027890012', '3107890123', 'Carrera 14 # 16 - 33', 'Palmira', '1987-09-08', 'Femenino', TRUE, FALSE, FALSE),
('171234567', 'password17', 'cliente17@gmail.com', 'Diego', 'Antonio', 'Gutierrez', 'Gomez', '6028900123', '3108901234', 'Calle 5 # 8 - 19', 'Cali', '1978-01-03', 'Masculino', TRUE, FALSE, FALSE),
('181234567', 'password18', 'cliente18@gmail.com', 'Sofia', '', 'Fernandez', 'Lopez', '6029012304', '3109012345', 'Avenida 2 # 3 - 8', 'Jamundi', '1990-04-22', 'Femenino', TRUE, FALSE, FALSE),
('191234567', 'password19', 'cliente19@gmail.com', 'Juan', 'Carlos', 'Martinez', '', '6023456780', '3101234567', 'Carrera 7 # 9 - 21', 'Palmira', '1985-08-14', 'Masculino', TRUE, FALSE, FALSE),
('201234567', 'password20', 'cliente20@gmail.com', 'Maria', 'Isabel', 'Gomez', 'Perez', '6022345067', '3102345678', 'Calle 11 # 12 - 26', 'Cali', '1993-12-29', 'Femenino', TRUE, FALSE, FALSE),
('211234567', 'password21', 'cliente21@gmail.com', 'Luis', 'Fernando', 'Lopez', 'Rodriguez', '6020345678', '3103456789', 'Carrera 8 # 10 - 23', 'Cali', '1982-07-18', 'Masculino', TRUE, FALSE, FALSE),
('221234567', 'password22', 'cliente22@gmail.com', 'Sofia', 'Alejandra', 'Hernandez', '', '6024567089', '3104567890', 'Calle 12 # 14 - 29', 'Palmira', '1997-04-05', 'Femenino', TRUE, FALSE, FALSE),
('231234567', 'password23', 'cliente23@gmail.com', 'Carlos', 'Alberto', 'Ramirez', 'Gomez', '6025670890', '3105678901', 'Avenida 7 # 9 - 20', 'Jamundi', '1980-09-10', 'Masculino', TRUE, FALSE, FALSE),
('241234567', 'password24', 'cliente24@gmail.com', 'Ana', 'Sofia', 'Garcia', 'Lopez', '6026789001', '3106789012', 'Carrera 5 # 7 - 18', 'Cali', '1989-02-01', 'Femenino', TRUE, FALSE, FALSE),
('251234567', 'password25', 'cliente25@gmail.com', 'Diego', 'Antonio', 'Perez', 'Perez', '6027809012', '3107890123', 'Calle 13 # 15 - 32', 'Jamundi', '1995-06-03', 'Masculino', TRUE, FALSE, FALSE),
('261234567', 'password26', 'cliente26@gmail.com', 'Luis', 'Fernando', 'Gutierrez', 'Gomez', '6028090123', '3108901234', 'Carrera 9 # 11 - 24', 'Palmira', '1987-03-20', 'Masculino', TRUE, FALSE, FALSE),
('271234567', 'password27', 'cliente27@gmail.com', 'Camila', 'Maria', 'Fernandez', 'Lopez', '6029010234', '3109012345', 'Calle 14 # 16 - 33', 'Cali', '1996-11-10', 'Femenino', TRUE, FALSE, FALSE),
('281234567', 'password28', 'cliente28@gmail.com', 'Laura', 'Sofia', 'Martinez', '', '6023456708', '3101234567', 'Avenida 5 # 7 - 18', 'Tulua', '1986-04-27', 'Femenino', TRUE, FALSE, FALSE),
('291234567', 'password29', 'cliente29@gmail.com', 'Manuel', 'Alejandro', 'Gomez', 'Rodriguez', '6022304567', '3102345678', 'Carrera 10 # 12 - 25', 'La Victoria', '1991-08-04', 'Masculino', TRUE, FALSE, FALSE),
('301234567', 'password30', 'cliente30@gmail.com', 'Diana', 'Isabel', 'Lopez', 'Perez', '6023456708', '3103456789', 'Calle 8 # 10 - 21', 'Yotoco', '1984-12-12', 'Femenino', TRUE, FALSE, FALSE),
('311234567', 'password31', 'cliente31@gmail.com', 'Pedro', 'Fernando', 'Hernandez', '', '6024567809', '3104567890', 'Avenida 2 # 4 - 11', 'Dagua', '1992-02-20', 'Masculino', TRUE, FALSE, FALSE),
('321234567', 'password32', 'empleado1@concesionario.co', 'Juan', 'Carlos', 'Gomez', 'Perez', '6024567810', '3104567891', 'Avenida 2 # 4 - 12', 'Cali', '1985-05-16', 'Masculino', TRUE, TRUE, FALSE),
('331234567', 'password33', 'empleado2@concesionario.co', 'Maria', '', 'Lopez', 'Rodriguez', '6025670891', '3105678902', 'Calle 3 # 5 - 15', 'Palmira', '1990-03-21', 'Femenino', TRUE, TRUE, FALSE),
('341234567', 'password34', 'empleado3@concesionario.co', 'Luis', 'Fernando', 'Hernandez', '', '6026789002', '3106789013', 'Carrera 14 # 16 - 34', 'Jamundi', '1988-08-11', 'Masculino', TRUE, TRUE, FALSE),
('351234567', 'password35', 'empleado4@concesionario.co', 'Sofia', 'Isabel', 'Torres', 'Gomez', '6027890013', '3107890124', 'Calle 5 # 8 - 20', 'Cali', '1995-11-26', 'Femenino', TRUE, TRUE, FALSE),
('361234567', 'password36', 'empleado5@concesionario.co', 'Carlos', 'Alberto', 'Ramirez', 'Lopez', '6028900124', '3108901235', 'Avenida 7 # 9 - 21', 'Palmira', '1987-07-06', 'Masculino', TRUE, TRUE, FALSE),
('371234567', 'password37', 'empleado6@concesionario.co', 'Ana', 'Maria', 'Garcia', 'Perez', '6029012345', '3109012346', 'Carrera 5 # 7 - 19', 'Jamundi', '1993-01-31', 'Femenino', TRUE, TRUE, FALSE),
('381234567', 'password38', 'empleado7@concesionario.co', 'Diego', 'Alejandro', 'Perez', '', '6023405679', '3101234568', 'Calle 9 # 11 - 25', 'Palmira', '1991-06-29', 'Masculino', TRUE, TRUE, FALSE),
('391234567', 'password39', 'empleado8@concesionario.co', 'Luis', '', 'Gutierrez', 'Gomez', '6022304568', '3102345679', 'Carrera 10 # 12 - 26', 'Buga', '1980-03-16', 'Masculino', TRUE, TRUE, FALSE),
('401234567', 'password40', 'empleado9@concesionario.co', 'Diana', 'Marcela', 'Lopez', 'Rodriguez', '6020345679', '3103456790', 'Calle 8 # 9 - 17', 'Palmira', '1975-07-11', 'Femenino', TRUE, TRUE, FALSE),
('411234567', 'password41', 'empleado10@concesionario.co', 'Pedro', 'Alejandro', 'Hernandez', '', '6024567090', '3104567891', 'Avenida 6 # 7 - 20', 'Cali', '1996-12-01', 'Masculino', TRUE, TRUE, FALSE),
('421234567', 'password42', 'empleado11@concesionario.co', 'Ana', 'Isabel', 'Torres', 'Gomez', '6025678901', '3105678902', 'Carrera 11 # 12 - 28', 'Jamundi', '1992-02-16', 'Femenino', TRUE, TRUE, FALSE),
('431234567', 'password43', 'empleado12@concesionario.co', 'Carlos', 'Fernando', 'Ramirez', 'Lopez', '6020678902', '3106789013', 'Calle 4 # 6 - 16', 'Cali', '1983-05-26', 'Masculino', TRUE, TRUE, FALSE),
('441234567', 'password44', 'empleado13@concesionario.co', 'Isabella', 'Sofia', 'Garcia', 'Perez', '6027890013', '3107890124', 'Calle 8 # 10 - 22', 'Palmira', '1987-09-09', 'Femenino', TRUE, TRUE, FALSE),
('451234567', 'password45', 'empleado14@concesionario.co', 'Diego', 'Antonio', 'Gutierrez', 'Gomez', '6028900124', '3108901235', 'Carrera 9 # 11 - 25', 'Cali', '1978-01-04', 'Masculino', TRUE, TRUE, FALSE),
('461234567', 'password46', 'empleado15@concesionario.co', 'Sofia', '', 'Fernandez', 'Lopez', '6029012345', '3109012346', 'Avenida 5 # 7 - 19', 'Jamundi', '1990-04-23', 'Femenino', TRUE, TRUE, FALSE),
('471234567', 'password47', 'empleado16@concesionario.co', 'Juan', 'Carlos', 'Martinez', '', '6023456791', '3101234568', 'Carrera 7 # 9 - 22', 'Palmira', '1985-08-15', 'Masculino', TRUE, TRUE, FALSE),
('481234567', 'password48', 'empleado17@concesionario.co', 'Maria', 'Isabel', 'Gomez', 'Perez', '6022345070', '3102345681', 'Calle 11 # 12 - 27', 'Cali', '1993-12-30', 'Femenino', TRUE, TRUE, FALSE),
('491234567', 'password49', 'empleado18@concesionario.co', 'Luis', 'Fernando', 'Lopez', 'Rodriguez', '6020345681', '3103456792', 'Carrera 8 # 10 - 24', 'Cali', '1982-07-19', 'Masculino', TRUE, TRUE, FALSE),
('501234567', 'password50', 'empleado19@concesionario.co', 'Sofia', 'Alejandra', 'Hernandez', '', '6024567092', '3104567893', 'Calle 12 # 14 - 30', 'Palmira', '1997-04-06', 'Femenino', TRUE, TRUE, FALSE),
('511234567', 'password51', 'empleado20@concesionario.co', 'Carlos', 'Alberto', 'Ramirez', 'Gomez', '6025670903', '3105678904', 'Avenida 7 # 9 - 22', 'Jamundi', '1980-09-11', 'Masculino', TRUE, TRUE, FALSE),
('521234567', 'password52', 'empleado21@concesionario.co', 'Ana', 'Sofia', 'Garcia', 'Lopez', '6026789014', '3106789015', 'Carrera 5 # 7 - 20', 'Cali', '1989-02-02', 'Femenino', TRUE, TRUE, FALSE),
('531234567', 'password53', 'empleado22@concesionario.co', 'Diego', 'Antonio', 'Perez', 'Perez', '6027809015', '3107890126', 'Calle 13 # 15 - 33', 'Jamundi', '1995-06-04', 'Masculino', TRUE, TRUE, FALSE),
('541234567', 'password54', 'empleado23@concesionario.co', 'Luis', 'Fernando', 'Gutierrez', 'Gomez', '6028090126', '3108901237', 'Carrera 9 # 11 - 26', 'Palmira', '1987-03-21', 'Masculino', TRUE, TRUE, FALSE),
('551234567', 'password55', 'empleado24@concesionario.co', 'Camila', 'Maria', 'Fernandez', 'Lopez', '6029010237', '3109012348', 'Calle 14 # 16 - 34', 'Cali', '1996-11-11', 'Femenino', TRUE, TRUE, FALSE),
('561234567', 'password56', 'empleado25@concesionario.co', 'Laura', 'Sofia', 'Martinez', '', '6023456709', '3101234569', 'Avenida 5 # 7 - 20', 'Tulua', '1986-04-28', 'Femenino', TRUE, TRUE, FALSE),
('571234567', 'password57', 'empleado26@concesionario.co', 'Manuel', 'Alejandro', 'Gomez', 'Rodriguez', '6022304568', '3102345679', 'Carrera 10 # 12 - 26', 'La Victoria', '1991-08-05', 'Masculino', TRUE, TRUE, FALSE),
('581234567', 'password58', 'empleado27@concesionario.co', 'Diana', 'Isabel', 'Lopez', 'Perez', '6023456710', '3103456791', 'Calle 8 # 10 - 22', 'Yotoco', '1984-12-13', 'Femenino', TRUE, TRUE, FALSE),
('591234567', 'password59', 'empleado28@concesionario.co', 'Pedro', 'Fernando', 'Hernandez', '', '6024567101', '3104567902', 'Avenida 2 # 4 - 12', 'Dagua', '1992-02-21', 'Masculino', TRUE, TRUE, FALSE),
('601234567', 'password60', 'empleado29@concesionario.co', 'Natalia', '', 'Lopez', '', '6025670912', '3105678903', 'Calle 4 # 6 - 17', 'Cali', '1983-05-27', 'Femenino', TRUE, TRUE, FALSE),
('611234567', 'password61', 'empleado30@concesionario.co', 'Daniel', '', 'Llano', '', '6026789023', '3106789014', 'Carrera 14 # 16 - 35', 'Palmira', '1989-09-10', 'Masculino', TRUE, TRUE, FALSE)
ON CONFLICT (cedula) DO NOTHING;


INSERT INTO concesionarioapp_cliente (usuario_id)
VALUES
('11234567'),
('21234567'),
('31234567'),
('41234567'),
('51234567'),
('61234567'),
('71234567'),
('81234567'),
('91234567'),
('101234567'),
('111234567'),
('121234567'),
('131234567'),
('141234567'),
('151234567'),
('161234567'),
('171234567'),
('181234567'),
('191234567'),
('201234567'),
('211234567'),
('221234567'),
('231234567'),
('241234567'),
('251234567'),
('261234567'),
('271234567'),
('281234567'),
('291234567'),
('301234567'),
('311234567')
ON CONFLICT (usuario_id) DO NOTHING;


INSERT INTO concesionarioapp_sucursal (id_sucursal, nombre_sucursal, direccion_sucursal, ciudad_sucursal, telefono_sucursal)
VALUES
(1, 'Sucursal Sur', 'Cra. 4 # 12-34', 'Cali', '6021234567'),
(2, 'Sucursal Norte', 'Av. 5 # 45-67', 'Cali', '6022345678'),
(3, 'Sucursal Oriente', 'Cra. 6 # 78-90', 'Cali', '6023456789'),
(4, 'Sucursal Occidente', 'Av. 7 # 23-45', 'Cali', '6024567890'),
(5, 'Sucursal Centro', 'Cra. 8 # 56-78', 'Cali', '6025678901')
ON CONFLICT (nombre_sucursal) DO NOTHING;

SELECT setval('concesionarioapp_sucursal_id_sucursal_seq', (SELECT MAX(id_sucursal) FROM concesionarioapp_sucursal));


INSERT INTO concesionarioapp_empleado (usuario_id, sucursal_id, cargo, fecha_ingreso, fecha_retiro, salario_base, tipo_sangre, eps, arl) 
VALUES
('321234567', '1', 'Vendedor', '2010-02-10', NULL, '2500000', 'O+', 'Comfenalco', 'Colmena'),
('331234567', '1', 'Vendedor', '2012-10-5', NULL, '2300000', 'A-', 'Sanitas', 'Sura'),
('341234567', '1', 'Vendedor', '2011-03-15', NULL, '2600000', 'B+', 'Cafesalud', 'Colmena'),
('351234567', '1', 'Vendedor', '2013-12-02', NULL, '2300000', 'A-', 'Sanitas', 'Sura'),
('361234567', '2', 'Vendedor', '2015-08-20', NULL, '2700000', 'AB+', 'Nueva EPS', 'Colmena'),
('371234567', '2', 'Vendedor', '2017-11-09', NULL, '2400000', 'O+', 'Sura', 'Colmena'),
('381234567', '2', 'Vendedor', '2010-06-25', NULL, '2500000', 'B-', 'Sanitas', 'Sura'),
('391234567', '2', 'Vendedor', '2012-04-11', NULL, '2600000', 'A+', 'Cafam', 'Colmena'),
('401234567', '3', 'Vendedor', '2014-09-30', NULL, '2700000', 'AB-', 'Coomeva', 'Sura'),
('411234567', '3', 'Vendedor', '2016-10-18', NULL, '2800000', 'O-', 'Nueva EPS', 'Colmena'),
('421234567', '3', 'Vendedor', '2011-08-05', NULL, '2900000', 'A-', 'Sura', 'Colmena'),
('431234567', '3', 'Vendedor', '2013-06-17', NULL, '3000000', 'B+', 'Cafam', 'Sura'),
('441234567', '4', 'Vendedor', '2015-01-24', NULL, '3100000', 'AB+', 'Sanitas', 'Colmena'),
('451234567', '4', 'Vendedor', '2017-04-13', NULL, '3200000', 'O+', 'EPS Sura', 'Sura'),
('461234567', '4', 'Vendedor', '2010-12-29', NULL, '3300000', 'B-', 'Cafesalud', 'Colmena'),
('471234567', '4', 'Vendedor', '2012-09-08', NULL, '3400000', 'A+', 'Nueva EPS', 'Sura'),
('481234567', '5', 'Vendedor', '2014-07-16', NULL, '3500000', 'AB-', 'Sura', 'Colmena'),
('491234567', '5', 'Vendedor', '2016-06-02', NULL, '3600000', 'O+', 'Sanitas', 'Sura'),
('501234567', '5', 'Vendedor', '2011-05-14', NULL, '3700000', 'AB+', 'Cafam', 'Sura'),
('511234567', '5', 'Jefe de Taller', '2008-07-02', NULL, '4100000', 'AB-', 'Sura', 'Colmena'),
('521234567', '1', 'Jefe de Taller', '2012-03-19', NULL, '4200000', 'O+', 'Nueva EPS', 'Sura'),
('531234567', '1', 'Jefe de Taller', '2014-08-07', NULL, '4300000', 'A+', 'Sanitas', 'Sura'),
('541234567', '2', 'Jefe de Taller', '2016-09-16', NULL, '2400000', 'B+', 'Cafesalud', 'Colmena'),
('551234567', '2', 'Jefe de Taller', '2011-06-21', NULL, '4500000', 'O-', 'Cafam', 'Colmena'),
('561234567', '3', 'Jefe de Taller', '2013-04-13', NULL, '4600000', 'AB+', 'Cafam', 'Sura'),
('571234567', '3', 'Jefe de Taller', '2015-01-29', NULL, '3700000', 'B+', 'Sanitas', 'Colmena'),
('581234567', '4', 'Jefe de Taller', '2017-04-16', NULL, '3800000', 'O+', 'Coomeva', 'Sura'),
('591234567', '4', 'Jefe de Taller', '2006-01-04', NULL, '5000000', 'O-', 'Nueva EPS', 'Colmena'),
('601234567', '5', 'Jefe de Taller', '2008-09-12', NULL, '4900000', 'A+', 'Sura', 'Sura'),
('611234567', '5', 'Jefe de Taller', '2010-06-27', NULL, '3900000', 'B-', 'Sanitas', 'Colmena')
ON CONFLICT (usuario_id) DO NOTHING;


INSERT INTO concesionarioapp_modelo (id_modelo, nombre_modelo, anho, carroceria, cilindraje, potencia, combustible, numero_pasajeros, precio_base)
VALUES
(1, 'Chevrolet Spark 2019 Gasolina', 2019, 'Sedan', 1000, 75, 'Gasolina', 5, 25000000),
(2, 'Chevrolet Sonic 2018 Gasolina', 2018, 'Sedan', 1500, 100, 'Gasolina', 5, 30000000),
(3, 'Chevrolet Malibu 2018 Gasolina', 2018, 'Sedan', 2000, 160, 'Gasolina', 5, 45000000),
(4, 'Chevrolet Camaro 2019 Gasolina', 2019, 'Convertible', 3800, 455, 'Gasolina', 4, 120000000),
(5, 'Chevrolet Equinox 2019 Gasolina', 2019, 'SUV', 1600, 170, 'Gasolina', 5, 70000000),
(6, 'Chevrolet Blazer 2020 Gasolina', 2020, 'SUV', 2200, 230, 'Gasolina', 5, 85000000),
(7, 'Chevrolet Traverse 2020 Gasolina', 2020, 'SUV', 3100, 310, 'Gasolina', 7, 100000000),
(8, 'Chevrolet Suburban 2021 Gasolina', 2021, 'SUV', 5300, 355, 'Gasolina', 8, 140000000),
(9, 'Chevrolet Trax 2021 Gasolina', 2021, 'SUV', 1400, 155, 'Gasolina', 5, 65000000),
(10, 'Chevrolet Colorado 2018 Gasolina', 2018, 'Pickup', 2500, 200, 'Gasolina', 5, 90000000),
(11, 'Chevrolet Silverado 2019 Gasolina', 2019, 'Pickup', 3600, 355, 'Gasolina', 6, 110000000),
(12, 'Chevrolet Express 2018 Gasolina', 2018, 'Van', 4900, 341, 'Gasolina', 15, 160000000),
(13, 'Chevrolet Bolt 2019 Híbrido', 2019, 'Station Wagon', 1500, 149, 'Híbrido', 5, 90000000),
(14, 'Chevrolet Bolt 2020 Eléctrico', 2020, 'Station Wagon', 1500, 200, 'Eléctrico', 5, 95000000),
(15, 'Chevrolet Camioneta 1 2019 Gasolina', 2019, 'Camioneta', 2500, 175, 'Gasolina', 7, 80000000),
(16, 'Chevrolet Camioneta 2 2018 Gasolina', 2018, 'Camioneta', 2600, 190, 'Gasolina', 7, 85000000),
(17, 'Chevrolet SUV 1 2020 Gasolina', 2020, 'SUV', 1800, 160, 'Gasolina', 5, 75000000),
(18, 'Chevrolet SUV 2 2022 Gasolina', 2022, 'SUV', 1700, 150, 'Gasolina', 5, 78000000),
(19, 'Chevrolet Pickup 1 2021 Gasolina', 2021, 'Pickup', 2200, 190, 'Gasolina', 5, 85000000),
(20, 'Chevrolet Pickup 2 2023 Gasolina', 2023, 'Pickup', 2300, 200, 'Gasolina', 5, 90000000),
(21, 'Chevrolet Captiva 2022 Gasolina', 2022, 'SUV', 1800, 160, 'Gasolina', 5, 85000000),
(22, 'Chevrolet Captiva Sport 2022 Gasolina', 2022, 'SUV', 2000, 180, 'Gasolina', 5, 90000000),
(23, 'Chevrolet Trailblazer 2021 Gasolina', 2021, 'SUV', 1700, 160, 'Gasolina', 5, 82000000),
(24, 'Chevrolet Tahoe 2020 Gasolina', 2020, 'SUV', 5300, 355, 'Gasolina', 8, 135000000),
(25, 'Chevrolet Suburban 2 2022 Gasolina', 2022, 'SUV', 5300, 355, 'Gasolina', 8, 150000000)
ON CONFLICT (id_modelo) DO NOTHING;

SELECT setval('concesionarioapp_modelo_id_modelo_seq', (SELECT MAX(id_modelo) FROM concesionarioapp_modelo));


INSERT INTO concesionarioapp_color (id_color, nombre_color, porcentanje_incremento_por_color)
VALUES
(1, 'Blanco', 0.1),
(2, 'Negro', 0.08),
(3, 'Rojo', 0.06),
(4, 'Azul', 0.05),
(5, 'Plata', 0.04),
(6, 'Gris', 0.03),
(7, 'Verde', 0.02),
(8, 'Amarillo', 0.01)
ON CONFLICT (id_color) DO NOTHING;

SELECT setval('concesionarioapp_color_id_color_seq', (SELECT MAX(id_color) FROM concesionarioapp_color));


INSERT INTO concesionarioapp_vehiculo (vin, modelo_vehiculo_id, color_vehiculo_id, sucursal_vehiculo_id, disponible_para_venta)
VALUES
('1GCCS19W128314729', 1, 1, 1, TRUE),
('3GCUKSEC3HG509801', 2, 2, 1, TRUE),
('1GCGTBEN1L1234567', 3, 3, 1, TRUE),
('3GCUKREC7JG509804', 4, 4, 1, TRUE),
('1GNSKCE03BR123456', 5, 5, 1, TRUE),
('1GCCS19W128314730', 1, 6, 2, TRUE),
('3GCUKSEC3HG509802', 2, 7, 2, TRUE),
('1GCGTBEN1L1234568', 3, 8, 2, TRUE),
('3GCUKREC7JG509805', 4, 1, 2, TRUE),
('1GNSKCE03BR123457', 5, 2, 2, TRUE),
('1GCCS19W128314731', 6, 3, 3, TRUE),
('3GCUKSEC3HG509803', 7, 4, 3, TRUE),
('1GCGTBEN1L1234569', 8, 5, 3, TRUE),
('3GCUKREC7JG509806', 9, 6, 3, TRUE),
('1GNSKCE03BR123458', 10, 7, 3, TRUE),
('1GCCS19W128314732', 1, 8, 4, TRUE),
('3GCUKSEC3HG509804', 2, 1, 4, TRUE),
('1GCGTBEN1L1234570', 3, 2, 4, TRUE),
('3GCUKREC7JG509807', 4, 3, 4, TRUE),
('1GNSKCE03BR123459', 5, 4, 4, TRUE),
('1GCCS19W128314733', 6, 5, 5, TRUE),
('3GCUKSEC3HG509805', 7, 6, 5, TRUE),
('1GCGTBEN1L1234571', 8, 7, 5, TRUE),
('3GCUKREC7JG509808', 9, 8, 5, TRUE),
('1GNSKCE03BR123460', 10, 1, 5, TRUE),
('1GNCMDED0L1378092', 11, 1, 1, TRUE),
('3GNGKGED9KG123456', 12, 2, 1, TRUE),
('1GCCWDED1M1123456', 13, 3, 1, TRUE),
('3GNMNGED4KG123457', 14, 4, 1, TRUE),
('1GCSWDED7K1301234', 15, 5, 1, TRUE),
('1GNCMDED0L1378093', 11, 6, 2, TRUE),
('3GNGKGED9KG123457', 12, 7, 2, TRUE),
('1GCCWDED1M1123457', 13, 8, 2, TRUE),
('3GNMNGED4KG123458', 14, 1, 2, TRUE),
('1GCSWDED7K1301235', 15, 2, 2, TRUE),
('1GNCMDED0L1378094', 16, 3, 3, TRUE),
('3GNGKGED9KG123458', 17, 4, 3, TRUE),
('1GCCWDED1M1123458', 18, 5, 3, TRUE),
('3GNMNGED4KG123459', 19, 6, 3, TRUE),
('1GCSWDED7K1301236', 20, 7, 3, TRUE),
('1GNCMDED0L1378095', 11, 8, 4, TRUE),
('3GNGKGED9KG123459', 12, 1, 4, TRUE),
('1GCCWDED1M1123459', 13, 2, 4, TRUE),
('3GNMNGED4KG123460', 14, 3, 4, TRUE),
('1GCSWDED7K1301237', 15, 4, 4, TRUE),
('1GNCMDED0L1378096', 16, 5, 5, TRUE),
('3GNGKGED9KG123460', 17, 6, 5, TRUE),
('1GCCWDED1M1123460', 18, 7, 5, TRUE),
('3GNMNGED4KG123461', 19, 8, 5, TRUE),
('1GCSWDED7K1301238', 20, 1, 5, TRUE)
ON CONFLICT (vin) DO NOTHING;


INSERT INTO concesionarioapp_extra (id_extra, nombre_extra, descripcion_extra)
VALUES
(1, 'Kit de Carretera', 'Incluye gato, llave de cruz, triángulos de seguridad, linterna y otros elementos útiles para emergencias en carretera.'),
(2, 'SOAT Primer Año', 'Seguro Obligatorio de Accidentes de Tránsito para el primer año del vehículo, cubriendo daños a terceros.'),
(3, 'Extintor', 'Extintor de incendios de 5 libras con carga completa y listo para usar en caso de emergencia.'),
(4, 'Manijas de Lujo', 'Juego de manijas de puertas cromadas para darle un toque de elegancia al vehículo.'),
(5, 'Tapetes Personalizados', 'Conjunto de tapetes de alta calidad con el logo de la marca del vehículo.'),
(6, 'Película de Protección Solar', 'Película de protección solar para las ventanas del vehículo que reduce el calor y protege del sol.'),
(7, 'Bluetooth Hands-Free', 'Sistema Bluetooth para llamadas telefónicas manos libres y reproducción de música en el vehículo.')
ON CONFLICT (id_extra) DO NOTHING;

SELECT setval('concesionarioapp_extra_id_extra_seq', (SELECT MAX(id_extra) FROM concesionarioapp_extra));


INSERT INTO concesionarioapp_venta (id_venta, vendedor_id, cliente_id, fecha_venta)
VALUES
(1, 321234567, 11234567, '2023-09-05'),
(2, 331234567, 21234567, '2023-09-12'), 
(3, 361234567, 31234567, '2023-09-18'), 
(4, 371234567, 41234567, '2023-09-25'), 
(5, 401234567, 51234567, '2023-10-03'), 
(6, 411234567, 61234567, '2023-10-10'), 
(7, 441234567, 71234567, '2023-10-16'), 
(8, 451234567, 81234567, '2023-10-23'), 
(9, 501234567, 91234567, '2023-10-30'), 
(10, 511234567, 101234567, '2023-10-07')
ON CONFLICT (id_venta) DO NOTHING;

SELECT setval('concesionarioapp_venta_id_venta_seq', (SELECT MAX(id_venta) FROM concesionarioapp_venta));


INSERT INTO concesionarioapp_venta_vehiculo (id_venta_vehiculo, venta_id, vehiculo_id, extra_id, porcentaje_descuento)
VALUES
(1, 1, '1GCCS19W128314729', 1, 0.1),
(2, 1, '3GCUKSEC3HG509801', 2, 0.08),
(3, 2, '1GCGTBEN1L1234567', 3, 0.06),
(4, 3, '1GCCS19W128314730', 4, 0.05),
(5, 4, '3GCUKSEC3HG509802', 5, 0.04),
(6, 5, '3GCUKSEC3HG509803', 6, 0.03),
(7, 6, '1GCCS19W128314731', 7, 0.02),
(8, 7, '1GCCS19W128314732', 1, 0.01),
(9, 8, '3GNMNGED4KG123460', 1, 0.1),
(10, 9, '1GNCMDED0L1378096', 2, 0.08),
(11, 10, '3GNGKGED9KG123460', 3, 0.06)
ON CONFLICT (id_venta_vehiculo) DO NOTHING;

SELECT setval('concesionarioapp_venta_vehiculo_id_venta_vehiculo_seq', (SELECT MAX(id_venta_vehiculo) FROM concesionarioapp_venta_vehiculo));

UPDATE concesionarioapp_vehiculo SET disponible_para_venta = FALSE WHERE vin = '1GCCS19W128314729';
UPDATE concesionarioapp_vehiculo SET disponible_para_venta = FALSE WHERE vin = '3GCUKSEC3HG509801';
UPDATE concesionarioapp_vehiculo SET disponible_para_venta = FALSE WHERE vin = '1GCGTBEN1L1234567';
UPDATE concesionarioapp_vehiculo SET disponible_para_venta = FALSE WHERE vin = '1GCCS19W128314730';
UPDATE concesionarioapp_vehiculo SET disponible_para_venta = FALSE WHERE vin = '3GCUKSEC3HG509802';
UPDATE concesionarioapp_vehiculo SET disponible_para_venta = FALSE WHERE vin = '3GCUKSEC3HG509803';
UPDATE concesionarioapp_vehiculo SET disponible_para_venta = FALSE WHERE vin = '1GCCS19W128314731';
UPDATE concesionarioapp_vehiculo SET disponible_para_venta = FALSE WHERE vin = '1GCCS19W128314732';
UPDATE concesionarioapp_vehiculo SET disponible_para_venta = FALSE WHERE vin = '3GNMNGED4KG123460';
UPDATE concesionarioapp_vehiculo SET disponible_para_venta = FALSE WHERE vin = '1GNCMDED0L1378096';
UPDATE concesionarioapp_vehiculo SET disponible_para_venta = FALSE WHERE vin = '3GNGKGED9KG123460';
