INSERT INTO auth_group (id, name)
VALUES
(1, 'Gerente'),
(2, 'Vendedor'),
(3, 'Jefe de Taller'),
(4, 'Cliente')
ON CONFLICT (id) DO NOTHING;

SELECT setval('auth_group_id_seq', (SELECT MAX(id) FROM auth_group));


INSERT INTO concesionarioapp_usuario (cedula, password, email, primer_nombre, segundo_nombre, primer_apellido, segundo_apellido, telefono, celular, direccion, ciudad, fecha_nacimiento, genero, is_active, is_staff, is_superuser)
VALUES
('11234567', 'password1', 'cliente1@gmail.com', 'Juan', 'Carlos', 'Gomez', 'Perez', '6021234560', '3101234567', 'Carrera 9 # 10 - 25', 'Cali', '1985-05-15', 'Masculino', TRUE, FALSE, FALSE),
('21234567', 'password2', 'cliente2@gmail.com', 'Maria', '', 'Lopez', 'Rodriguez', '6022345670', '3102345678', 'Calle 5 # 7 - 12', 'Palmira', '1990-03-20', 'Femenino', TRUE, FALSE, FALSE),
('31234567', 'password3', 'cliente3@gmail.com', 'Luis', 'Fernando', 'Hernandez', '', '6023456708', '3103456789', 'Carrera 12 # 15 - 30', 'Jamundi', '1988-08-10', 'Masculino', TRUE, FALSE, FALSE),
('41234567', 'password4', 'cliente4@gmail.com', 'Sofia', 'Isabel', 'Torres', 'Gomez', '6024567809', '3104567890', 'Avenida 3 # 4 - 9', 'Palmira', '1995-11-25', 'Femenino', TRUE, FALSE, FALSE),
('51234567', 'password5', 'cliente5@gmail.com', 'Carlos', 'Alberto', 'Ramirez', 'Lopez', '6025670890', '3105678901', 'Carrera 8 # 12 - 20', 'Cali', '1987-07-05', 'Masculino', TRUE, FALSE, FALSE),
('61234567', 'password6', 'cliente6@gmail.com', 'Ana', 'Maria', 'Garcia', 'Perez', '6026789001', '3106789012', 'Calle 4 # 6 - 15', 'Jamundi', '1993-01-30', 'Femenino', TRUE, FALSE, FALSE),
('71234567', 'password7', 'cliente7@gmail.com', 'Diego', 'Alejandro', 'Perez', '', '6027890120', '3107890123', 'Carrera 11 # 20 - 35', 'Cali', '1989-12-12', 'Masculino', TRUE, FALSE, FALSE),
('81234567', 'password8', 'cliente8@gmail.com', 'Luis', '', 'Gutierrez', 'Gomez', '6028901203', '3108901234', 'Calle 7 # 9 - 18', 'Palmira', '1992-04-17', 'Masculino', TRUE, FALSE, FALSE),
('91234567', 'password9', 'cliente9@gmail.com', 'Camila', 'Sofia', 'Fernandez', 'Lopez', '6029001234', '3109012345', 'Carrera 6 # 8 - 12', 'Jamundi', '1998-09-03', 'Femenino', TRUE, FALSE, FALSE),
('101234567', 'password10', 'cliente10@gmail.com', 'Laura', 'Valentina', 'Martinez', '', '6023405678', '3101234567', 'Calle 9 # 11 - 24', 'Palmira', '1991-06-28', 'Femenino', TRUE, FALSE, FALSE),
('111234567', 'password11', 'cliente11@gmail.com', 'Manuel', 'Antonio', 'Gomez', 'Perez', '6022304567', '3102345678', 'Carrera 15 # 20 - 45', 'Buga', '1980-03-15', 'Masculino', TRUE, FALSE, FALSE),
('121234567', 'password12', 'cliente12@gmail.com', 'Diana', 'Marcela', 'Lopez', 'Rodriguez', '6020345678', '3103456789', 'Calle 8 # 9 - 16', 'Palmira', '1975-07-10', 'Femenino', TRUE, FALSE, FALSE),
('131234567', 'password13', 'cliente13@gmail.com', 'Pedro', 'Alejandro', 'Hernandez', '', '6024567089', '3104567890', 'Avenida 6 # 7 - 19', 'Cali', '1996-11-30', 'Masculino', TRUE, FALSE, FALSE),
('141234567', 'password14', 'cliente14@gmail.com', 'Ana', 'Isabel', 'Torres', 'Gomez', '6025678900', '3105678901', 'Carrera 10 # 12 - 27', 'Jamundi', '1992-02-15', 'Femenino', TRUE, FALSE, FALSE),
('151234567', 'password15', 'cliente15@gmail.com', 'Carlos', 'Fernando', 'Ramirez', 'Lopez', '6020678901', '3106789012', 'Calle 3 # 5 - 14', 'Cali', '1983-05-25', 'Masculino', TRUE, FALSE, FALSE),
('161234567', 'password16', 'cliente16@gmail.com', 'Isabella', 'Sofia', 'Garcia', 'Perez', '6027890012', '3107890123', 'Carrera 14 # 16 - 33', 'Palmira', '1987-09-08', 'Femenino', TRUE, FALSE, FALSE),
('171234567', 'password17', 'cliente17@gmail.com', 'Diego', 'Antonio', 'Gutierrez', 'Gomez', '6028900123', '3108901234', 'Calle 5 # 8 - 19', 'Cali', '1978-01-03', 'Masculino', TRUE, FALSE, FALSE),
('181234567', 'password18', 'cliente18@gmail.com', 'Sofia', '', 'Fernandez', 'Lopez', '6029012304', '3109012345', 'Avenida 2 # 3 - 8', 'Jamundi', '1990-04-22', 'Femenino', TRUE, FALSE, FALSE),
('191234567', 'password19', 'cliente19@gmail.com', 'Juan', 'Carlos', 'Martinez', '', '6023456780', '3101234567', 'Carrera 7 # 9 - 21', 'Palmira', '1985-08-14', 'Masculino', TRUE, FALSE, FALSE),
('201234567', 'password20', 'cliente20@gmail.com', 'Maria', 'Isabel', 'Gomez', 'Perez', '6022345067', '3102345678', 'Calle 11 # 12 - 26', 'Cali', '1993-12-29', 'Femenino', TRUE, FALSE, FALSE),
('211234567', 'password21', 'cliente21@gmail.com', 'Luis', 'Fernando', 'Lopez', 'Rodriguez', '6020345678', '3103456789', 'Carrera 8 # 10 - 23', 'Cali', '1982-07-18', 'Masculino', TRUE, FALSE, FALSE),
('221234567', 'password22', 'cliente22@gmail.com', 'Sofia', 'Alejandra', 'Hernandez', '', '6024567089', '3104567890', 'Calle 12 # 14 - 29', 'Palmira', '1997-04-05', 'Femenino', TRUE, FALSE, FALSE),
('231234567', 'password23', 'cliente23@gmail.com', 'Carlos', 'Alberto', 'Ramirez', 'Gomez', '6025670890', '3105678901', 'Avenida 7 # 9 - 20', 'Jamundi', '1980-09-10', 'Masculino', TRUE, FALSE, FALSE),
('241234567', 'password24', 'cliente24@gmail.com', 'Ana', 'Sofia', 'Garcia', 'Lopez', '6026789001', '3106789012', 'Carrera 5 # 7 - 18', 'Cali', '1989-02-01', 'Femenino', TRUE, FALSE, FALSE),
('251234567', 'password25', 'cliente25@gmail.com', 'Diego', 'Antonio', 'Perez', 'Perez', '6027809012', '3107890123', 'Calle 13 # 15 - 32', 'Jamundi', '1995-06-03', 'Masculino', TRUE, FALSE, FALSE),
('261234567', 'password26', 'cliente26@gmail.com', 'Luis', 'Fernando', 'Gutierrez', 'Gomez', '6028090123', '3108901234', 'Carrera 9 # 11 - 24', 'Palmira', '1987-03-20', 'Masculino', TRUE, FALSE, FALSE),
('271234567', 'password27', 'cliente27@gmail.com', 'Camila', 'Maria', 'Fernandez', 'Lopez', '6029010234', '3109012345', 'Calle 14 # 16 - 33', 'Cali', '1996-11-10', 'Femenino', TRUE, FALSE, FALSE),
('281234567', 'password28', 'cliente28@gmail.com', 'Laura', 'Sofia', 'Martinez', '', '6023456708', '3101234567', 'Avenida 5 # 7 - 18', 'Tulua', '1986-04-27', 'Femenino', TRUE, FALSE, FALSE),
('291234567', 'password29', 'cliente29@gmail.com', 'Manuel', 'Alejandro', 'Gomez', 'Rodriguez', '6022304567', '3102345678', 'Carrera 10 # 12 - 25', 'La Victoria', '1991-08-04', 'Masculino', TRUE, FALSE, FALSE),
('301234567', 'password30', 'cliente30@gmail.com', 'Diana', 'Isabel', 'Lopez', 'Perez', '6023456708', '3103456789', 'Calle 8 # 10 - 21', 'Yotoco', '1984-12-12', 'Femenino', TRUE, FALSE, FALSE),
('311234567', 'password31', 'cliente31@gmail.com', 'Pedro', 'Fernando', 'Hernandez', '', '6024567809', '3104567890', 'Avenida 2 # 4 - 11', 'Dagua', '1992-02-20', 'Masculino', TRUE, FALSE, FALSE),
('321234567', 'password32', 'empleado1@concesionario.co', 'Juan', 'Carlos', 'Gomez', 'Perez', '6024567810', '3104567891', 'Avenida 2 # 4 - 12', 'Cali', '1985-05-16', 'Masculino', TRUE, TRUE, FALSE),
('331234567', 'password33', 'empleado2@concesionario.co', 'Maria', '', 'Lopez', 'Rodriguez', '6025670891', '3105678902', 'Calle 3 # 5 - 15', 'Palmira', '1990-03-21', 'Femenino', TRUE, TRUE, FALSE),
('341234567', 'password34', 'empleado3@concesionario.co', 'Luis', 'Fernando', 'Hernandez', '', '6026789002', '3106789013', 'Carrera 14 # 16 - 34', 'Jamundi', '1988-08-11', 'Masculino', TRUE, TRUE, FALSE),
('351234567', 'password35', 'empleado4@concesionario.co', 'Sofia', 'Isabel', 'Torres', 'Gomez', '6027890013', '3107890124', 'Calle 5 # 8 - 20', 'Cali', '1995-11-26', 'Femenino', TRUE, TRUE, FALSE),
('361234567', 'password36', 'empleado5@concesionario.co', 'Carlos', 'Alberto', 'Ramirez', 'Lopez', '6028900124', '3108901235', 'Avenida 7 # 9 - 21', 'Palmira', '1987-07-06', 'Masculino', TRUE, TRUE, FALSE),
('371234567', 'password37', 'empleado6@concesionario.co', 'Ana', 'Maria', 'Garcia', 'Perez', '6029012345', '3109012346', 'Carrera 5 # 7 - 19', 'Jamundi', '1993-01-31', 'Femenino', TRUE, TRUE, FALSE),
('381234567', 'password38', 'empleado7@concesionario.co', 'Diego', 'Alejandro', 'Perez', '', '6023405679', '3101234568', 'Calle 9 # 11 - 25', 'Palmira', '1991-06-29', 'Masculino', TRUE, TRUE, FALSE),
('391234567', 'password39', 'empleado8@concesionario.co', 'Luis', '', 'Gutierrez', 'Gomez', '6022304568', '3102345679', 'Carrera 10 # 12 - 26', 'Buga', '1980-03-16', 'Masculino', TRUE, TRUE, FALSE),
('401234567', 'password40', 'empleado9@concesionario.co', 'Diana', 'Marcela', 'Lopez', 'Rodriguez', '6020345679', '3103456790', 'Calle 8 # 9 - 17', 'Palmira', '1975-07-11', 'Femenino', TRUE, TRUE, FALSE),
('411234567', 'password41', 'empleado10@concesionario.co', 'Pedro', 'Alejandro', 'Hernandez', '', '6024567090', '3104567891', 'Avenida 6 # 7 - 20', 'Cali', '1996-12-01', 'Masculino', TRUE, TRUE, FALSE),
('421234567', 'password42', 'empleado11@concesionario.co', 'Ana', 'Isabel', 'Torres', 'Gomez', '6025678901', '3105678902', 'Carrera 11 # 12 - 28', 'Jamundi', '1992-02-16', 'Femenino', TRUE, TRUE, FALSE),
('431234567', 'password43', 'empleado12@concesionario.co', 'Carlos', 'Fernando', 'Ramirez', 'Lopez', '6020678902', '3106789013', 'Calle 4 # 6 - 16', 'Cali', '1983-05-26', 'Masculino', TRUE, TRUE, FALSE),
('441234567', 'password44', 'empleado13@concesionario.co', 'Isabella', 'Sofia', 'Garcia', 'Perez', '6027890013', '3107890124', 'Calle 8 # 10 - 22', 'Palmira', '1987-09-09', 'Femenino', TRUE, TRUE, FALSE),
('451234567', 'password45', 'empleado14@concesionario.co', 'Diego', 'Antonio', 'Gutierrez', 'Gomez', '6028900124', '3108901235', 'Carrera 9 # 11 - 25', 'Cali', '1978-01-04', 'Masculino', TRUE, TRUE, FALSE),
('461234567', 'password46', 'empleado15@concesionario.co', 'Sofia', '', 'Fernandez', 'Lopez', '6029012345', '3109012346', 'Avenida 5 # 7 - 19', 'Jamundi', '1990-04-23', 'Femenino', TRUE, TRUE, FALSE),
('471234567', 'password47', 'empleado16@concesionario.co', 'Juan', 'Carlos', 'Martinez', '', '6023456791', '3101234568', 'Carrera 7 # 9 - 22', 'Palmira', '1985-08-15', 'Masculino', TRUE, TRUE, FALSE),
('481234567', 'password48', 'empleado17@concesionario.co', 'Maria', 'Isabel', 'Gomez', 'Perez', '6022345070', '3102345681', 'Calle 11 # 12 - 27', 'Cali', '1993-12-30', 'Femenino', TRUE, TRUE, FALSE),
('491234567', 'password49', 'empleado18@concesionario.co', 'Luis', 'Fernando', 'Lopez', 'Rodriguez', '6020345681', '3103456792', 'Carrera 8 # 10 - 24', 'Cali', '1982-07-19', 'Masculino', TRUE, TRUE, FALSE),
('501234567', 'password50', 'empleado19@concesionario.co', 'Sofia', 'Alejandra', 'Hernandez', '', '6024567092', '3104567893', 'Calle 12 # 14 - 30', 'Palmira', '1997-04-06', 'Femenino', TRUE, TRUE, FALSE),
('511234567', 'password51', 'empleado20@concesionario.co', 'Carlos', 'Alberto', 'Ramirez', 'Gomez', '6025670903', '3105678904', 'Avenida 7 # 9 - 22', 'Jamundi', '1980-09-11', 'Masculino', TRUE, TRUE, FALSE),
('521234567', 'password52', 'empleado21@concesionario.co', 'Ana', 'Sofia', 'Garcia', 'Lopez', '6026789014', '3106789015', 'Carrera 5 # 7 - 20', 'Cali', '1989-02-02', 'Femenino', TRUE, TRUE, FALSE),
('531234567', 'password53', 'empleado22@concesionario.co', 'Diego', 'Antonio', 'Perez', 'Perez', '6027809015', '3107890126', 'Calle 13 # 15 - 33', 'Jamundi', '1995-06-04', 'Masculino', TRUE, TRUE, FALSE),
('541234567', 'password54', 'empleado23@concesionario.co', 'Luis', 'Fernando', 'Gutierrez', 'Gomez', '6028090126', '3108901237', 'Carrera 9 # 11 - 26', 'Palmira', '1987-03-21', 'Masculino', TRUE, TRUE, FALSE),
('551234567', 'password55', 'empleado24@concesionario.co', 'Camila', 'Maria', 'Fernandez', 'Lopez', '6029010237', '3109012348', 'Calle 14 # 16 - 34', 'Cali', '1996-11-11', 'Femenino', TRUE, TRUE, FALSE),
('561234567', 'password56', 'empleado25@concesionario.co', 'Laura', 'Sofia', 'Martinez', '', '6023456709', '3101234569', 'Avenida 5 # 7 - 20', 'Tulua', '1986-04-28', 'Femenino', TRUE, TRUE, FALSE),
('571234567', 'password57', 'empleado26@concesionario.co', 'Manuel', 'Alejandro', 'Gomez', 'Rodriguez', '6022304568', '3102345679', 'Carrera 10 # 12 - 26', 'La Victoria', '1991-08-05', 'Masculino', TRUE, TRUE, FALSE),
('581234567', 'password58', 'empleado27@concesionario.co', 'Diana', 'Isabel', 'Lopez', 'Perez', '6023456710', '3103456791', 'Calle 8 # 10 - 22', 'Yotoco', '1984-12-13', 'Femenino', TRUE, TRUE, FALSE),
('591234567', 'password59', 'empleado28@concesionario.co', 'Pedro', 'Fernando', 'Hernandez', '', '6024567101', '3104567902', 'Avenida 2 # 4 - 12', 'Dagua', '1992-02-21', 'Masculino', TRUE, TRUE, FALSE),
('601234567', 'password60', 'empleado29@concesionario.co', 'Natalia', '', 'Lopez', '', '6025670912', '3105678903', 'Calle 4 # 6 - 17', 'Cali', '1983-05-27', 'Femenino', TRUE, TRUE, FALSE),
('611234567', 'password61', 'empleado30@concesionario.co', 'Daniel', '', 'Llano', '', '6026789023', '3106789014', 'Carrera 14 # 16 - 35', 'Palmira', '1989-09-10', 'Masculino', TRUE, TRUE, FALSE),
('1001234567', 'password100', 'gerente@concesionario.co', 'Miguel', '', 'Restrepo', '', '6024445901', '3117707977', 'Carrera 44 # 24 - 2', 'Cali', '1970-10-10', 'Masculino', TRUE, TRUE, FALSE),
('12345678', 'password', 'admin@correounivalle.edu.co', 'Admin', '', 'Admin', '', '6021234567', '1234567890', 'Localhost', 'Cali', '1990-01-01', 'Masculino', TRUE, TRUE, TRUE)
ON CONFLICT (cedula) DO NOTHING;


INSERT INTO concesionarioapp_cliente (usuario_id)
VALUES
('11234567'),
('21234567'),
('31234567'),
('41234567'),
('51234567'),
('61234567'),
('71234567'),
('81234567'),
('91234567'),
('101234567'),
('111234567'),
('121234567'),
('131234567'),
('141234567'),
('151234567'),
('161234567'),
('171234567'),
('181234567'),
('191234567'),
('201234567'),
('211234567'),
('221234567'),
('231234567'),
('241234567'),
('251234567'),
('261234567'),
('271234567'),
('281234567'),
('291234567'),
('301234567'),
('311234567')
ON CONFLICT (usuario_id) DO NOTHING;

INSERT INTO concesionarioapp_usuario_groups (id, usuario_id, group_id)
VALUES
(1, '11234567', '4'),
(2, '21234567', '4'),
(3, '31234567', '4'),
(4, '41234567', '4'),
(5, '51234567', '4'),
(6, '61234567', '4'),
(7, '71234567', '4'),
(8, '81234567', '4'),
(9, '91234567', '4'),
(10, '101234567', '4'),
(11, '111234567', '4'),
(12, '121234567', '4'),
(13, '131234567', '4'),
(14, '141234567', '4'),
(15, '151234567', '4'),
(16, '161234567', '4'),
(17, '171234567', '4'),
(18, '181234567', '4'),
(19, '191234567', '4'),
(20, '201234567', '4'),
(21, '211234567', '4'),
(22, '221234567', '4'),
(23, '231234567', '4'),
(24, '241234567', '4'),
(25, '251234567', '4'),
(26, '261234567', '4'),
(27, '271234567', '4'),
(28, '281234567', '4'),
(29, '291234567', '4'),
(30, '301234567', '4'),
(31, '311234567', '4')
ON CONFLICT (id) DO NOTHING;

SELECT setval('concesionarioapp_usuario_groups_id_seq', (SELECT MAX(id) FROM concesionarioapp_usuario_groups));


INSERT INTO concesionarioapp_sucursal (id_sucursal, nombre_sucursal, direccion_sucursal, ciudad_sucursal, telefono_sucursal)
VALUES
(1, 'Sucursal Sur', 'Cra. 4 # 12-34', 'Cali', '6021234567'),
(2, 'Sucursal Norte', 'Av. 5 # 45-67', 'Cali', '6022345678'),
(3, 'Sucursal Oriente', 'Cra. 6 # 78-90', 'Cali', '6023456789'),
(4, 'Sucursal Occidente', 'Av. 7 # 23-45', 'Cali', '6024567890'),
(5, 'Sucursal Centro', 'Cra. 8 # 56-78', 'Cali', '6025678901')
ON CONFLICT (nombre_sucursal) DO NOTHING;

SELECT setval('concesionarioapp_sucursal_id_sucursal_seq', (SELECT MAX(id_sucursal) FROM concesionarioapp_sucursal));


INSERT INTO concesionarioapp_empleado (usuario_id, sucursal_id, cargo, fecha_ingreso, fecha_retiro, salario_base, tipo_sangre, eps, arl) 
VALUES
('321234567', '1', 'Vendedor', '2010-02-10', NULL, '2500000', 'O+', 'Comfenalco', 'Colmena'),
('331234567', '1', 'Vendedor', '2012-10-5', NULL, '2300000', 'A-', 'Sanitas', 'Sura'),
('341234567', '1', 'Vendedor', '2011-03-15', NULL, '2600000', 'B+', 'Cafesalud', 'Colmena'),
('351234567', '1', 'Vendedor', '2013-12-02', NULL, '2300000', 'A-', 'Sanitas', 'Sura'),
('361234567', '2', 'Vendedor', '2015-08-20', NULL, '2700000', 'AB+', 'Nueva EPS', 'Colmena'),
('371234567', '2', 'Vendedor', '2017-11-09', NULL, '2400000', 'O+', 'Sura', 'Colmena'),
('381234567', '2', 'Vendedor', '2010-06-25', NULL, '2500000', 'B-', 'Sanitas', 'Sura'),
('391234567', '2', 'Vendedor', '2012-04-11', NULL, '2600000', 'A+', 'Cafam', 'Colmena'),
('401234567', '3', 'Vendedor', '2014-09-30', NULL, '2700000', 'AB-', 'Coomeva', 'Sura'),
('411234567', '3', 'Vendedor', '2016-10-18', NULL, '2800000', 'O-', 'Nueva EPS', 'Colmena'),
('421234567', '3', 'Vendedor', '2011-08-05', NULL, '2900000', 'A-', 'Sura', 'Colmena'),
('431234567', '3', 'Vendedor', '2013-06-17', NULL, '3000000', 'B+', 'Cafam', 'Sura'),
('441234567', '4', 'Vendedor', '2015-01-24', NULL, '3100000', 'AB+', 'Sanitas', 'Colmena'),
('451234567', '4', 'Vendedor', '2017-04-13', NULL, '3200000', 'O+', 'EPS Sura', 'Sura'),
('461234567', '4', 'Vendedor', '2010-12-29', NULL, '3300000', 'B-', 'Cafesalud', 'Colmena'),
('471234567', '4', 'Vendedor', '2012-09-08', NULL, '3400000', 'A+', 'Nueva EPS', 'Sura'),
('481234567', '5', 'Vendedor', '2014-07-16', NULL, '3500000', 'AB-', 'Sura', 'Colmena'),
('491234567', '5', 'Vendedor', '2016-06-02', NULL, '3600000', 'O+', 'Sanitas', 'Sura'),
('501234567', '5', 'Vendedor', '2011-05-14', NULL, '3700000', 'AB+', 'Cafam', 'Sura'),
('511234567', '5', 'Jefe de Taller', '2008-07-02', NULL, '4100000', 'AB-', 'Sura', 'Colmena'),
('521234567', '1', 'Jefe de Taller', '2012-03-19', NULL, '4200000', 'O+', 'Nueva EPS', 'Sura'),
('531234567', '1', 'Jefe de Taller', '2014-08-07', NULL, '4300000', 'A+', 'Sanitas', 'Sura'),
('541234567', '2', 'Jefe de Taller', '2016-09-16', NULL, '2400000', 'B+', 'Cafesalud', 'Colmena'),
('551234567', '2', 'Jefe de Taller', '2011-06-21', NULL, '4500000', 'O-', 'Cafam', 'Colmena'),
('561234567', '3', 'Jefe de Taller', '2013-04-13', NULL, '4600000', 'AB+', 'Cafam', 'Sura'),
('571234567', '3', 'Jefe de Taller', '2015-01-29', NULL, '3700000', 'B+', 'Sanitas', 'Colmena'),
('581234567', '4', 'Jefe de Taller', '2017-04-16', NULL, '3800000', 'O+', 'Coomeva', 'Sura'),
('591234567', '4', 'Jefe de Taller', '2006-01-04', NULL, '5000000', 'O-', 'Nueva EPS', 'Colmena'),
('601234567', '5', 'Jefe de Taller', '2008-09-12', NULL, '4900000', 'A+', 'Sura', 'Sura'),
('611234567', '5', 'Jefe de Taller', '2010-06-27', NULL, '3900000', 'B-', 'Sanitas', 'Colmena'),
('1001234567', '1', 'Gerente', '2000-01-01', NULL, '10000000', 'O+', 'Sura', 'Colmena')
ON CONFLICT (usuario_id) DO NOTHING;


INSERT INTO concesionarioapp_usuario_groups (id, usuario_id, group_id)
VALUES
(32, '321234567', '2'),
(33, '331234567', '2'),
(34, '341234567', '2'),
(35, '351234567', '2'),
(36, '361234567', '2'),
(37, '371234567', '2'),
(38, '381234567', '2'),
(39, '391234567', '2'),
(40, '401234567', '2'),
(41, '411234567', '2'),
(42, '421234567', '2'),
(43, '431234567', '2'),
(44, '441234567', '2'),
(45, '451234567', '2'),
(46, '461234567', '2'),
(47, '471234567', '2'),
(48, '481234567', '2'),
(49, '491234567', '2'),
(50, '501234567', '2'),
(51, '511234567', '3'),
(52, '521234567', '3'),
(53, '531234567', '3'),
(54, '541234567', '3'),
(55, '551234567', '3'),
(56, '561234567', '3'),
(57, '571234567', '3'),
(58, '581234567', '3'),
(59, '591234567', '3'),
(60, '601234567', '3'),
(61, '611234567', '3'),
(62, '1001234567', '1')
ON CONFLICT (id) DO NOTHING;

SELECT setval('concesionarioapp_usuario_groups_id_seq', (SELECT MAX(id) FROM concesionarioapp_usuario_groups));


INSERT INTO concesionarioapp_modelo (id_modelo, nombre_modelo, anho, carroceria, cilindraje, potencia, combustible, numero_pasajeros, precio_base)
VALUES
(1, 'Chevrolet Spark 2019 Gasolina', 2019, 'Sedan', 1000, 75, 'Gasolina', 5, 25000000),
(2, 'Chevrolet Sonic 2018 Gasolina', 2018, 'Sedan', 1500, 100, 'Gasolina', 5, 30000000),
(3, 'Chevrolet Malibu 2018 Gasolina', 2018, 'Sedan', 2000, 160, 'Gasolina', 5, 45000000),
(4, 'Chevrolet Camaro 2019 Gasolina', 2019, 'Convertible', 3800, 455, 'Gasolina', 4, 120000000),
(5, 'Chevrolet Equinox 2019 Gasolina', 2019, 'SUV', 1600, 170, 'Gasolina', 5, 70000000),
(6, 'Chevrolet Blazer 2020 Gasolina', 2020, 'SUV', 2200, 230, 'Gasolina', 5, 85000000),
(7, 'Chevrolet Traverse 2020 Gasolina', 2020, 'SUV', 3100, 310, 'Gasolina', 7, 100000000),
(8, 'Chevrolet Suburban 2021 Gasolina', 2021, 'SUV', 5300, 355, 'Gasolina', 8, 140000000),
(9, 'Chevrolet Trax 2021 Gasolina', 2021, 'SUV', 1400, 155, 'Gasolina', 5, 65000000),
(10, 'Chevrolet Colorado 2018 Gasolina', 2018, 'Pickup', 2500, 200, 'Gasolina', 5, 90000000),
(11, 'Chevrolet Silverado 2019 Gasolina', 2019, 'Pickup', 3600, 355, 'Gasolina', 6, 110000000),
(12, 'Chevrolet Express 2018 Gasolina', 2018, 'Van', 4900, 341, 'Gasolina', 15, 160000000),
(13, 'Chevrolet Bolt 2019 Híbrido', 2019, 'Station Wagon', 1500, 149, 'Híbrido', 5, 90000000),
(14, 'Chevrolet Bolt 2020 Eléctrico', 2020, 'Station Wagon', 1500, 200, 'Eléctrico', 5, 95000000),
(15, 'Chevrolet Camioneta 1 2019 Gasolina', 2019, 'Camioneta', 2500, 175, 'Gasolina', 7, 80000000),
(16, 'Chevrolet Camioneta 2 2018 Gasolina', 2018, 'Camioneta', 2600, 190, 'Gasolina', 7, 85000000),
(17, 'Chevrolet SUV 1 2020 Gasolina', 2020, 'SUV', 1800, 160, 'Gasolina', 5, 75000000),
(18, 'Chevrolet SUV 2 2022 Gasolina', 2022, 'SUV', 1700, 150, 'Gasolina', 5, 78000000),
(19, 'Chevrolet Pickup 1 2021 Gasolina', 2021, 'Pickup', 2200, 190, 'Gasolina', 5, 85000000),
(20, 'Chevrolet Pickup 2 2023 Gasolina', 2023, 'Pickup', 2300, 200, 'Gasolina', 5, 90000000),
(21, 'Chevrolet Captiva 2022 Gasolina', 2022, 'SUV', 1800, 160, 'Gasolina', 5, 85000000),
(22, 'Chevrolet Captiva Sport 2022 Gasolina', 2022, 'SUV', 2000, 180, 'Gasolina', 5, 90000000),
(23, 'Chevrolet Trailblazer 2021 Gasolina', 2021, 'SUV', 1700, 160, 'Gasolina', 5, 82000000),
(24, 'Chevrolet Tahoe 2020 Gasolina', 2020, 'SUV', 5300, 355, 'Gasolina', 8, 135000000),
(25, 'Chevrolet Suburban 2 2022 Gasolina', 2022, 'SUV', 5300, 355, 'Gasolina', 8, 150000000)
ON CONFLICT (id_modelo) DO NOTHING;

SELECT setval('concesionarioapp_modelo_id_modelo_seq', (SELECT MAX(id_modelo) FROM concesionarioapp_modelo));


INSERT INTO concesionarioapp_color (id_color, nombre_color, porcentaje_incremento_por_color, hexadecimal_color)
VALUES
(1, 'Blanco', 0.1, '#FFFFFF'),
(2, 'Negro', 0.08, '#000000'),
(3, 'Rojo', 0.06, '#FF0000'),
(4, 'Azul', 0.05, '#0000FF'),
(5, 'Plata', 0.04, '#C0C0C0'),
(6, 'Gris', 0.03, '#808080'),
(7, 'Verde', 0.02, '#008000'),
(8, 'Amarillo', 0.01, '#FFFF00')
ON CONFLICT (id_color) DO NOTHING;

SELECT setval('concesionarioapp_color_id_color_seq', (SELECT MAX(id_color) FROM concesionarioapp_color));


INSERT INTO concesionarioapp_vehiculo (vin, modelo_vehiculo_id, color_vehiculo_id, sucursal_vehiculo_id, disponible_para_venta)
VALUES
('1GCCS19W128314729', 1, 1, 1, TRUE),
('3GCUKSEC3HG509801', 5, 2, 1, TRUE),
('1GCGTBEN1L1234567', 6, 3, 1, TRUE),
('3GCUKREC7JG509804', 13, 4, 1, TRUE),
('1GNSKCE03BR123456', 24, 5, 1, TRUE),
('1GCCS19W128314730', 1, 6, 2, TRUE),
('3GCUKSEC3HG509802', 2, 7, 2, TRUE),
('1GCGTBEN1L1234568', 9, 8, 2, TRUE),
('3GCUKREC7JG509805', 10, 1, 2, TRUE),
('1GNSKCE03BR123457', 5, 2, 2, TRUE),
('1GCCS19W128314731', 16, 3, 3, TRUE),
('3GCUKSEC3HG509803', 17, 4, 3, TRUE),
('1GCGTBEN1L1234569', 8, 5, 3, TRUE),
('3GCUKREC7JG509806', 2, 6, 3, TRUE),
('1GNSKCE03BR123458', 1, 7, 3, TRUE),
('1GCCS19W128314732', 1, 8, 4, TRUE),
('3GCUKSEC3HG509804', 24, 1, 4, TRUE),
('1GCGTBEN1L1234570', 23, 2, 4, TRUE),
('3GCUKREC7JG509807', 24, 3, 4, TRUE),
('1GNSKCE03BR123459', 15, 4, 4, TRUE),
('1GCCS19W128314733', 6, 5, 5, TRUE),
('3GCUKSEC3HG509805', 7, 6, 5, TRUE),
('1GCGTBEN1L1234571', 8, 7, 5, TRUE),
('3GCUKREC7JG509808', 9, 8, 5, TRUE),
('1GNSKCE03BR123460', 10, 1, 5, TRUE),
('1GNCMDED0L1378092', 1, 1, 1, TRUE),
('3GNGKGED9KG123456', 12, 2, 1, TRUE),
('1GCCWDED1M1123456', 7, 3, 1, TRUE),
('3GNMNGED4KG123457', 4, 4, 1, TRUE),
('1GCSWDED7K1301234', 5, 5, 1, TRUE),
('1GNCMDED0L1378093', 8, 6, 2, TRUE),
('3GNGKGED9KG123457', 9, 7, 2, TRUE),
('1GCCWDED1M1123457', 14, 8, 2, TRUE),
('3GNMNGED4KG123458', 17, 1, 2, TRUE),
('1GCSWDED7K1301235', 17, 2, 2, TRUE),
('1GNCMDED0L1378094', 17, 3, 3, TRUE),
('3GNGKGED9KG123458', 20, 4, 3, TRUE),
('1GCCWDED1M1123458', 21, 5, 3, TRUE),
('3GNMNGED4KG123459', 1, 6, 3, TRUE),
('1GCSWDED7K1301236', 2, 7, 3, TRUE),
('1GNCMDED0L1378095', 3, 8, 4, TRUE),
('3GNGKGED9KG123459', 1, 1, 4, TRUE),
('1GCCWDED1M1123459', 13, 2, 4, TRUE),
('3GNMNGED4KG123460', 5, 3, 4, TRUE),
('1GCSWDED7K1301237', 8, 4, 4, TRUE),
('1GNCMDED0L1378096', 9, 5, 5, TRUE),
('3GNGKGED9KG123460', 16, 6, 5, TRUE),
('1GCCWDED1M1123460', 1, 7, 5, TRUE),
('3GNMNGED4KG123461', 25, 8, 5, TRUE),
('1GCSWDED7K1301238', 22, 1, 5, TRUE),
('1GNCMDED0L1378113', 21, 7, 4, TRUE),
('3GNGKGED9KG123478', 9, 3, 2, TRUE),
('1GCCWDED1M1123477', 3, 5, 1, TRUE),
('3GNMNGED4KG123479', 3, 1, 3, TRUE),
('1GCSWDED7K1301255', 16, 8, 5, TRUE),
('1GNCMDED0L1378114', 2, 6, 2, TRUE),
('3GNGKGED9KG123480', 18, 2, 4, TRUE),
('1GCCWDED1M1123478', 10, 4, 1, TRUE),
('3GNMNGED4KG123481', 24, 7, 5, TRUE),
('1GCSWDED7K1301256', 7, 1, 3, TRUE),
('1GNCMDED0L1378115', 23, 3, 4, TRUE),
('3GNGKGED9KG123482', 9, 8, 1, TRUE),
('1GCCWDED1M1123479', 17, 5, 5, TRUE),
('3GNMNGED4KG123483', 3, 6, 3, TRUE),
('1GCSWDED7K1301257', 22, 2, 1, TRUE),
('1GNCMDED0L1378116', 13, 4, 2, TRUE),
('3GNGKGED9KG123484', 6, 7, 5, TRUE),
('1GCCWDED1M1123480', 1, 1, 3, TRUE),
('3GNMNGED4KG123485', 19, 5, 4, TRUE),
('1GCSWDED7K1301258', 14, 8, 2, TRUE),
('1GNCMDED0L1378117', 11, 6, 1, TRUE),
('3GNGKGED9KG123486', 25, 3, 4, TRUE),
('1GCCWDED1M1123481', 4, 7, 5, TRUE),
('3GNMNGED4KG123487', 21, 2, 3, TRUE),
('1GCSWDED7K1301259', 16, 4, 1, TRUE),
('1GNCMDED0L1378118', 8, 1, 2, TRUE),
('1GNCMDED0L1378201', 14, 2, 4, TRUE),
('3GNGKGED9KG123488', 1, 6, 5, TRUE),
('1GCCWDED1M1123482', 9, 3, 1, TRUE),
('3GNMNGED4KG123489', 19, 7, 2, TRUE),
('1GCSWDED7K1301260', 5, 4, 3, TRUE),
('1GNCMDED0L1378202', 16, 8, 5, TRUE),
('3GNGKGED9KG123490', 7, 1, 2, TRUE),
('1GCCWDED1M1123483', 25, 5, 4, TRUE),
('3GNMNGED4KG123491', 12, 2, 1, TRUE),
('1GCSWDED7K1301261', 2, 3, 3, TRUE),
('1GNCMDED0L1378203', 20, 6, 1, TRUE),
('3GNGKGED9KG123492', 15, 4, 5, TRUE),
('1GCCWDED1M1123484', 3, 5, 2, TRUE),
('3GNMNGED4KG123493', 8, 7, 4, TRUE),
('1GCSWDED7K1301262', 22, 1, 5, TRUE),
('1GNCMDED0L1378204', 13, 8, 3, TRUE),
('3GNGKGED9KG123494', 6, 2, 1, TRUE),
('1GCCWDED1M1123485', 23, 3, 2, TRUE),
('3GNMNGED4KG123495', 11, 5, 3, TRUE),
('1GCSWDED7K1301263', 4, 6, 4, TRUE),
('1GNCMDED0L1378205', 2, 7, 5, TRUE),
('3GNGKGED9KG123496', 10, 1, 1, TRUE),
('1GCCWDED1M1123486', 17, 2, 2, TRUE),
('3GNMNGED4KG123497', 24, 3, 3, TRUE),
('1GCSWDED7K1301264', 18, 4, 4, TRUE),
('1GNCMDED0L1378206', 25, 5, 5, TRUE),
('3GNGKGED9KG123498', 25, 6, 1, TRUE),
('1GCCWDED1M1123487', 6, 7, 2, TRUE),
('3GNMNGED4KG123499', 10, 8, 3, TRUE),
('1GCSWDED7K1301265', 15, 1, 4, TRUE),
('1GNCMDED0L1378207', 8, 2, 5, TRUE),
('3GNGKGED9KG123500', 13, 3, 1, TRUE),
('1GCCWDED1M1123488', 5, 4, 2, TRUE),
('3GNMNGED4KG123501', 2, 5, 3, TRUE),
('1GCSWDED7K1301266', 4, 6, 4, TRUE),
('1GNCMDED0L1378208', 3, 7, 5, TRUE),
('3GNGKGED9KG123502', 12, 8, 1, TRUE),
('1GCCWDED1M1123489', 19, 1, 2, TRUE),
('3GNMNGED4KG123503', 5, 2, 3, TRUE),
('1GCSWDED7K1301267', 1, 3, 4, TRUE),
('1GNCMDED0L1378209', 22, 4, 5, TRUE),
('3GNGKGED9KG123504', 16, 5, 1, TRUE),
('1GCCWDED1M1123490', 1, 6, 2, TRUE),
('3GNMNGED4KG123505', 10, 7, 3, TRUE),
('1GCSWDED7K1301270', 21, 8, 4, TRUE),
('1GNCMDED0L1378210', 4, 1, 5, TRUE),
('3GNGKGED9KG123506', 18, 2, 1, TRUE),
('1GCCWDED1M1123491', 20, 3, 2, TRUE),
('3GNMNGED4KG123507', 9, 4, 3, TRUE),
('1GCSWDED7K1301271', 25, 5, 4, TRUE),
('1GNCMDED0L1378301', 6, 7, 4, TRUE),
('3GNGKGED9KG123508', 11, 1, 5, TRUE),
('1GCCWDED1M1123492', 17, 4, 1, TRUE),
('3GNMNGED4KG123509', 6, 8, 2, TRUE),
('1GCSWDED7K1301272', 6, 2, 3, TRUE),
('1GNCMDED0L1378302', 4, 5, 5, TRUE),
('3GNGKGED9KG123510', 9, 6, 2, TRUE),
('1GCCWDED1M1123493', 21, 7, 4, TRUE),
('3GNMNGED4KG123511', 4, 1, 1, TRUE),
('1GCSWDED7K1301273', 25, 8, 3, TRUE),
('1GNCMDED0L1378303', 7, 3, 1, TRUE),
('3GNGKGED9KG123512', 15, 5, 5, TRUE),
('1GCCWDED1M1123494', 2, 6, 2, TRUE),
('3GNMNGED4KG123513', 19, 7, 4, TRUE),
('1GCSWDED7K1301274', 8, 8, 5, TRUE),
('1GNCMDED0L1378304', 12, 1, 2, TRUE),
('3GNGKGED9KG123514', 22, 2, 4, TRUE),
('1GCCWDED1M1123495', 10, 3, 1, TRUE),
('3GNMNGED4KG123515', 1, 4, 2, TRUE),
('1GCSWDED7K1301275', 16, 5, 3, TRUE),
('1GNCMDED0L1378305', 5, 6, 4, TRUE),
('3GNGKGED9KG123516', 20, 7, 5, TRUE),
('1GCCWDED1M1123496', 13, 8, 1, TRUE),
('3GNMNGED4KG123517', 18, 1, 3, TRUE),
('1GCSWDED7K1301276', 23, 2, 4, TRUE),
('1GNCMDED0L1378306', 9, 3, 5, TRUE),
('3GNGKGED9KG123518', 3, 4, 1, TRUE),
('1GCCWDED1M1123497', 20, 5, 2, TRUE),
('3GNMNGED4KG123519', 8, 6, 3, TRUE),
('1GCSWDED7K1301277', 14, 7, 4, TRUE),
('1GNCMDED0L1378307', 1, 8, 5, TRUE),
('3GNGKGED9KG123520', 11, 1, 1, TRUE),
('1GCCWDED1M1123498', 24, 2, 2, TRUE),
('3GNMNGED4KG123521', 7, 3, 3, TRUE),
('1GCSWDED7K1301278', 19, 4, 4, TRUE),
('1GNCMDED0L1378308', 6, 5, 5, TRUE),
('3GNGKGED9KG123522', 10, 6, 1, TRUE),
('1GCCWDED1M1123499', 16, 7, 2, TRUE),
('3GNMNGED4KG123523', 25, 8, 3, TRUE),
('1GCSWDED7K1301279', 2, 1, 4, TRUE),
('1GNCMDED0L1378309', 13, 2, 5, TRUE),
('3GNGKGED9KG123524', 21, 3, 1, TRUE),
('1GCCWDED1M1123500', 4, 4, 2, TRUE),
('3GNMNGED4KG123525', 9, 5, 3, TRUE),
('1GCSWDED7K1301280', 22, 6, 4, TRUE),
('1GNCMDED0L1378310', 15, 7, 5, TRUE),
('3GNGKGED9KG123526', 3, 8, 1, TRUE),
('1GCCWDED1M1123501', 12, 1, 2, TRUE),
('3GNMNGED4KG123527', 23, 2, 3, TRUE),
('1GCSWDED7K1301281', 10, 3, 4, TRUE),
('1GNCMDED0L1378311', 17, 4, 5, TRUE),
('3GNGKGED9KG123528', 5, 5, 1, TRUE),
('1GCCWDED1M1123502', 24, 6, 2, TRUE),
('3GNMNGED4KG123529', 16, 7, 3, TRUE),
('1GCSWDED7K1301282', 8, 8, 4, TRUE),
('1GNCMDED0L1378312', 2, 1, 5, TRUE),
('3GNGKGED9KG123530', 11, 2, 1, TRUE),
('1GCCWDED1M1123503', 21, 3, 2, TRUE),
('3GNMNGED4KG123531', 7, 4, 3, TRUE),
('1GCSWDED7K1301283', 19, 5, 4, TRUE),
('1GNCMDED0L1378313', 6, 6, 5, TRUE),
('3GNGKGED9KG123532', 10, 7, 1, TRUE),
('1GCCWDED1M1123504', 16, 8, 2, TRUE),
('3GNMNGED4KG123533', 25, 1, 3, TRUE),
('1GCSWDED7K1301284', 1, 2, 4, TRUE),
('1GNCMDED0L1378314', 13, 3, 5, TRUE),
('3GNGKGED9KG123534', 21, 4, 1, TRUE),
('1GCCWDED1M1123505', 4, 5, 2, TRUE),
('3GNMNGED4KG123535', 9, 6, 3, TRUE),
('1GCSWDED7K1301285', 14, 7, 4, TRUE),
('1GNCMDED0L1378315', 1, 8, 5, TRUE),
('3GNGKGED9KG123536', 11, 1, 1, TRUE),
('1GCCWDED1M1123506', 24, 2, 2, TRUE),
('3GNMNGED4KG123537', 7, 3, 3, TRUE),
('1GCSWDED7K1301286', 19, 4, 4, TRUE),
('1GNCMDED0L1378316', 6, 5, 5, TRUE),
('3GNGKGED9KG123538', 10, 6, 1, TRUE),
('1GCCWDED1M1123507', 16, 7, 2, TRUE),
('3GNMNGED4KG123539', 25, 8, 3, TRUE),
('1GCSWDED7K1301287', 2, 1, 4, TRUE),
('1GNCMDED0L1378317', 13, 2, 5, TRUE),
('3GNGKGED9KG123540', 21, 3, 1, TRUE),
('1GCCWDED1M1123508', 4, 4, 2, TRUE),
('3GNMNGED4KG123541', 9, 5, 3, TRUE),
('1GCSWDED7K1301288', 22, 6, 4, TRUE),
('1GNCMDED0L1378318', 15, 7, 5, TRUE),
('3GNGKGED9KG123542', 3, 8, 1, TRUE),
('1GCCWDED1M1123509', 12, 1, 2, TRUE),
('3GNMNGED4KG123543', 23, 2, 3, TRUE),
('1GCSWDED7K1301289', 10, 3, 4, TRUE),
('1GNCMDED0L1378319', 17, 4, 5, TRUE),
('3GNGKGED9KG123544', 5, 5, 1, TRUE),
('1GCCWDED1M1123510', 24, 6, 2, TRUE),
('3GNMNGED4KG123545', 16, 7, 3, TRUE),
('1GCSWDED7K1301290', 8, 8, 4, TRUE),
('1GNCMDED0L1378320', 2, 1, 5, TRUE),
('3GNGKGED9KG123546', 11, 2, 1, TRUE),
('1GCCWDED1M1123511', 21, 3, 2, TRUE),
('3GNMNGED4KG123547', 7, 4, 3, TRUE),
('1GCSWDED7K1301291', 19, 5, 4, TRUE),
('1GNCMDED0L1378321', 6, 6, 5, TRUE),
('3GNGKGED9KG123548', 10, 7, 1, TRUE),
('1GCCWDED1M1123512', 16, 8, 2, TRUE),
('3GNMNGED4KG123549', 25, 1, 3, TRUE),
('1GCSWDED7K1301292', 1, 2, 4, TRUE),
('1GNCMDED0L1378322', 13, 3, 5, TRUE),
('3GNGKGED9KG123550', 21, 4, 1, TRUE),
('1GCCWDED1M1123513', 4, 5, 2, TRUE),
('3GNMNGED4KG123551', 9, 6, 3, TRUE),
('1GCSWDED7K1301293', 14, 7, 4, TRUE),
('1GNCMDED0L1378323', 1, 8, 5, TRUE),
('3GNGKGED9KG123552', 11, 1, 1, TRUE),
('1GCCWDED1M1123514', 24, 2, 2, TRUE),
('3GNMNGED4KG123553', 7, 3, 3, TRUE),
('1GCSWDED7K1301294', 19, 4, 4, TRUE),
('1GNCMDED0L1378324', 6, 5, 5, TRUE),
('3GNGKGED9KG123554', 10, 6, 1, TRUE),
('1GCCWDED1M1123515', 16, 7, 2, TRUE),
('3GNMNGED4KG123555', 25, 8, 3, TRUE),
('1GCSWDED7K1301295', 2, 1, 4, TRUE),
('1GNCMDED0L1378325', 13, 2, 5, TRUE),
('1GCWTBED1K1123450', 13, 6, 3, TRUE),
('3GTNDMEX8LZ123450', 14, 7, 4, TRUE),
('1GTNDDREW9R123451', 15, 8, 5, TRUE),
('3GTNDEXH5JZ123452', 1, 1, 1, TRUE),
('1GTNDMEN2PZ123453', 2, 2, 2, TRUE),
('3GTNDMEX4KZ123454', 3, 3, 3, TRUE),
('1GTNDREW7VZ123455', 4, 4, 4, TRUE),
('3GTNDMEX9WZ123456', 5, 5, 5, TRUE),
('1GTNDMEN1LZ123457', 6, 6, 1, TRUE),
('3GTNDREW3MZ123458', 7, 7, 2, TRUE),
('1GTNDEXH1KZ123459', 8, 8, 3, TRUE),
('3GTNDMEX2GZ123460', 9, 1, 4, TRUE),
('1GTNDREW8FZ123461', 10, 2, 5, TRUE),
('3GTNDMEX0HZ123462', 11, 3, 1, TRUE),
('1GTNDEXH4EZ123463', 12, 4, 2, TRUE),
('3GTNDMEX7UZ123464', 13, 5, 3, TRUE),
('1GTNDREW6WZ123465', 14, 6, 4, TRUE),
('3GTNDMEX5JZ123466', 15, 7, 5, TRUE),
('1GTNDEXH8HZ123467', 1, 8, 1, TRUE),
('3GTNDMEX1EZ123468', 2, 1, 2, TRUE),
('1GTNDREW9UZ123469', 3, 2, 3, TRUE),
('3GTNDMEX3WZ123470', 4, 3, 4, TRUE),
('1GTNDEXH2JZ123471', 5, 4, 5, TRUE),
('3GTNDMEX4KZ123472', 6, 5, 1, TRUE),
('1GTNDREW5UZ123473', 7, 6, 2, TRUE),
('3GTNDMEX6WZ123474', 8, 7, 3, TRUE),
('1GTNDEXH7EZ123475', 9, 8, 4, TRUE),
('3GTNDMEX8JZ123476', 10, 1, 5, TRUE),
('1GTNDEXH0UZ123477', 11, 2, 1, TRUE),
('3GTNDREW1KZ123478', 12, 3, 2, TRUE),
('1GTNDEXH3WZ123479', 13, 4, 3, TRUE),
('3GTNDMEX5JZ123480', 14, 5, 4, TRUE),
('1GTNDREW7UZ123481', 15, 6, 5, TRUE),
('3GTNDMEX9KZ123482', 1, 7, 1, TRUE),
('1GTNDEXH1WZ123483', 2, 8, 2, TRUE),
('3GTNDMEX3EZ123484', 3, 1, 3, TRUE),
('1GTNDREW4KZ123485', 4, 2, 4, TRUE),
('3GTNDMEX6WZ123486', 5, 3, 5, TRUE),
('1GTNDEXH8EZ123487', 6, 4, 1, TRUE),
('3GTNDMEX0KZ123488', 7, 5, 2, TRUE),
('1GTNDREW2UZ123489', 8, 6, 3, TRUE),
('3GTNDMEX4EZ123490', 9, 7, 4, TRUE),
('1GTNDEXH6WZ123491', 10, 8, 5, TRUE),
('3GTNDMEX8KZ123492', 11, 1, 1, TRUE),
('1GTNDEXH0UZ123493', 12, 2, 2, TRUE),
('3GTNDREW2KZ123494', 13, 3, 3, TRUE),
('1GTNDEXH3WZ123495', 14, 4, 4, TRUE),
('3GTNDMEX5EZ123496', 15, 5, 5, TRUE),
('1GTNDREW7UZ123497', 1, 6, 1, TRUE),
('3GTNDMEX9KZ123498', 2, 7, 2, TRUE),
('1GTNDEXH1WZ123499', 3, 8, 3, TRUE),
('3GTNDREW3EZ123500', 4, 1, 4, TRUE),
('1GTNDEXH5KZ123501', 5, 2, 5, TRUE),
('3GTNDMEX8WZ123502', 6, 3, 1, TRUE),
('1GTNDREW0UZ123503', 7, 4, 2, TRUE),
('3GTNDMEX2KZ123504', 8, 5, 3, TRUE),
('1GTNDEXH4WZ123505', 9, 6, 4, TRUE),
('3GTNDREW6EZ123506', 10, 7, 5, TRUE),
('1GTNDEXH8KZ123507', 11, 8, 1, TRUE),
('3GTNDREW1UZ123508', 12, 1, 2, TRUE),
('1GTNDEXH3WZ123509', 13, 2, 3, TRUE),
('3GTNDMEX5KZ123510', 14, 3, 4, TRUE),
('1GTNDEXH7UZ123511', 15, 4, 5, TRUE),
('3GTNDMEX9WZ123512', 1, 5, 1, TRUE),
('1GTNDEXH0EZ123513', 2, 6, 2, TRUE),
('3GTNDREW2KZ123514', 3, 7, 3, TRUE),
('1GTNDEXH4UZ123515', 4, 8, 4, TRUE),
('3GTNDMEX6EZ123516', 5, 1, 5, TRUE),
('1GTNDEXH8KZ123517', 6, 2, 1, TRUE),
('3GTNDREW1UZ123518', 7, 3, 2, TRUE),
('1GTNDEXH0EZ123519', 8, 4, 3, TRUE),
('3GTNDMEX3KZ123520', 9, 5, 4, TRUE),
('1GTNDEXH4UZ123521', 10, 6, 5, TRUE),
('3GTNDREW6EZ123522', 11, 7, 1, TRUE),
('1GTNDEXH8KZ123523', 12, 8, 2, TRUE),
('3GTNDREW1UZ123524', 13, 1, 3, TRUE),
('1GTNDEXH0EZ123525', 14, 2, 4, TRUE),
('3GTNDMEX3KZ123526', 15, 3, 5, TRUE),
('1GTNDEXH4UZ123527', 1, 4, 1, TRUE),
('3GTNDREW6EZ123528', 2, 5, 2, TRUE),
('1GTNDEXH8KZ123529', 3, 6, 3, TRUE),
('3GTNDREW1UZ123530', 4, 7, 4, TRUE),
('1GTNDEXH0EZ123531', 5, 8, 5, TRUE),
('3GTNDMEX3KZ123532', 6, 1, 1, TRUE),
('1GTNDEXH4UZ123533', 7, 2, 2, TRUE),
('3GTNDREW6EZ123534', 8, 3, 3, TRUE),
('1GTNDEXH8KZ123535', 9, 4, 4, TRUE),
('3GTNDREW1UZ123536', 10, 5, 5, TRUE),
('1GTNDEXH0EZ123537', 11, 6, 1, TRUE),
('3GTNDMEX3KZ123538', 12, 7, 2, TRUE),
('1GTNDEXH4UZ123539', 13, 8, 3, TRUE),
('3GTNDREW6EZ123540', 14, 1, 4, TRUE),
('1GTNDEXH8KZ123541', 15, 2, 5, TRUE),
('3GTNDREW1UZ123542', 1, 3, 1, TRUE),
('1GTNDEXH0EZ123543', 2, 4, 2, TRUE),
('3GTNDMEX3KZ123544', 3, 5, 3, TRUE),
('1GTNDEXH4UZ123545', 4, 6, 4, TRUE),
('3GTNDREW6EZ123546', 5, 7, 5, TRUE),
('1GTNDEXH8KZ123547', 6, 8, 1, TRUE),
('3GTNDREW1UZ123548', 7, 1, 2, TRUE),
('1GTNDEXH0EZ123549', 8, 2, 3, TRUE),
('3GTNDMEX3KZ123550', 9, 3, 4, TRUE),
('1GTNDEXH4UZ123551', 10, 4, 5, TRUE),
('3GTNDREW6EZ123552', 11, 5, 1, TRUE),
('1GTNDEXH8KZ123553', 12, 6, 2, TRUE),
('3GTNDREW1UZ123554', 13, 7, 3, TRUE),
('1GTNDEXH0EZ123555', 14, 8, 4, TRUE),
('3GTNDMEX3KZ123556', 15, 1, 5, TRUE),
('1GTNDEXH4UZ123557', 1, 2, 1, TRUE),
('3GTNDREW6EZ123558', 2, 3, 2, TRUE),
('1GTNDEXH8KZ123559', 3, 4, 3, TRUE),
('3GTNDREW1UZ123560', 4, 5, 4, TRUE),
('1GTNDEXH0EZ123561', 5, 6, 5, TRUE),
('3GTNDMEX3KZ123562', 6, 7, 1, TRUE),
('1GTNDEXH4UZ123563', 7, 8, 2, TRUE),
('3GTNDREW6EZ123564', 8, 1, 3, TRUE),
('1GTNDEXH8KZ123565', 9, 2, 4, TRUE),
('3GTNDREW1UZ123566', 10, 3, 5, TRUE),
('1GTNDEXH0EZ123567', 11, 4, 1, TRUE),
('3GTNDMEX3KZ123568', 12, 5, 2, TRUE),
('1GTNDEXH4UZ123569', 13, 6, 3, TRUE),
('3GTNDREW6EZ123570', 14, 7, 4, TRUE),
('1GTNDEXH8KZ123571', 15, 8, 5, TRUE),
('3GTNDREW1UZ123572', 1, 1, 1, TRUE),
('1GTNDEXH0EZ123573', 2, 2, 2, TRUE),
('3GTNDMEX3KZ123574', 3, 3, 3, TRUE),
('1GTNDEXH4UZ123575', 4, 4, 4, TRUE),
('3GTNDREW6EZ123576', 5, 5, 5, TRUE),
('1GTNDEXH8KZ123577', 6, 6, 1, TRUE),
('3GTNDREW1UZ123578', 7, 7, 2, TRUE)
ON CONFLICT (vin) DO NOTHING;

UPDATE concesionarioapp_vehiculo
SET modelo_vehiculo_id = FLOOR(RANDOM() * 8) + 1;


INSERT INTO concesionarioapp_extra (id_extra, nombre_extra, descripcion_extra)
VALUES
(1, 'Kit de Carretera', 'Incluye gato, llave de cruz, triángulos de seguridad, linterna y otros elementos útiles para emergencias en carretera.'),
(2, 'SOAT Primer Año', 'Seguro Obligatorio de Accidentes de Tránsito para el primer año del vehículo, cubriendo daños a terceros.'),
(3, 'Extintor', 'Extintor de incendios de 5 libras con carga completa y listo para usar en caso de emergencia.'),
(4, 'Manijas de Lujo', 'Juego de manijas de puertas cromadas para darle un toque de elegancia al vehículo.'),
(5, 'Tapetes Personalizados', 'Conjunto de tapetes de alta calidad con el logo de la marca del vehículo.'),
(6, 'Película de Protección Solar', 'Película de protección solar para las ventanas del vehículo que reduce el calor y protege del sol.'),
(7, 'Bluetooth Hands-Free', 'Sistema Bluetooth para llamadas telefónicas manos libres y reproducción de música en el vehículo.')
ON CONFLICT (id_extra) DO NOTHING;

SELECT setval('concesionarioapp_extra_id_extra_seq', (SELECT MAX(id_extra) FROM concesionarioapp_extra));


INSERT INTO concesionarioapp_venta (id_venta, vendedor_id, cliente_id, fecha_venta)
VALUES
(1, '321234567', '11234567', '2022-01-05'),
(2, '331234567', '21234567', '2022-01-10'),
(3, '341234567', '31234567', '2022-01-15'),
(4, '351234567', '41234567', '2022-01-20'),
(5, '361234567', '51234567', '2022-01-25'),
(6, '371234567', '61234567', '2022-01-30'),
(7, '381234567', '71234567', '2022-01-07'),
(8, '391234567', '81234567', '2022-01-12'),
(9, '401234567', '91234567', '2022-01-17'),
(10, '411234567', '101234567', '2022-01-22'),
(11, '421234567', '111234567', '2022-02-03'),
(12, '431234567', '121234567', '2022-02-08'),
(13, '441234567', '131234567', '2022-02-13'),
(14, '451234567', '141234567', '2022-02-18'),
(15, '461234567', '151234567', '2022-02-23'),
(16, '471234567', '161234567', '2022-02-06'),
(17, '481234567', '171234567', '2022-02-11'),
(18, '491234567', '181234567', '2022-02-16'),
(19, '501234567', '191234567', '2022-03-02'),
(20, '321234567', '201234567', '2022-03-07'),
(21, '331234567', '211234567', '2022-03-12'),
(22, '341234567', '221234567', '2022-03-17'),
(23, '351234567', '231234567', '2022-03-22'),
(24, '361234567', '241234567', '2022-03-27'),
(25, '371234567', '251234567', '2022-03-04'),
(26, '381234567', '261234567', '2022-03-09'),
(27, '391234567', '271234567', '2022-03-14'),
(28, '401234567', '281234567', '2022-03-19'),
(29, '411234567', '291234567', '2022-03-24'),
(30, '421234567', '301234567', '2022-03-29'),
(31, '431234567', '311234567', '2022-04-05'),
(32, '441234567', '21234567', '2022-04-10'),
(33, '451234567', '31234567', '2022-04-15'),
(34, '461234567', '41234567', '2022-04-20'),
(35, '471234567', '51234567', '2022-04-25'),
(36, '481234567', '61234567', '2022-04-02'),
(37, '491234567', '71234567', '2022-05-01'),
(38, '501234567', '81234567', '2022-05-06'),
(39, '321234567', '91234567', '2022-05-11'),
(40, '331234567', '41234567', '2022-05-16'),
(41, '341234567', '11234567', '2022-05-21'),
(42, '351234567', '21234567', '2022-05-26'),
(43, '361234567', '31234567', '2022-05-03'),
(44, '371234567', '41234567', '2022-05-08'),
(45, '381234567', '51234567', '2022-05-13'),
(46, '391234567', '61234567', '2022-05-18'),
(47, '401234567', '71234567', '2022-05-23'),
(48, '411234567', '81234567', '2022-05-28'),
(49, '421234567', '91234567', '2022-05-05'),
(50, '431234567', '51234567', '2022-05-10'),
(51, '441234567', '11234567', '2022-05-15'),
(52, '451234567', '11234567', '2022-06-01'),
(53, '461234567', '11234567', '2022-06-06'),
(54, '471234567', '21234567', '2022-06-11'),
(55, '481234567', '131234567', '2022-06-16'),
(56, '491234567', '141234567', '2022-06-21'),
(57, '501234567', '151234567', '2022-06-26'),
(58, '321234567', '161234567', '2022-06-03'),
(59, '331234567', '171234567', '2022-06-08'),
(60, '341234567', '181234567', '2022-06-13'),
(61, '351234567', '191234567', '2022-06-18'),
(62, '361234567', '201234567', '2022-06-23'),
(63, '371234567', '211234567', '2022-06-28'),
(64, '381234567', '221234567', '2022-06-05'),
(65, '391234567', '231234567', '2022-06-10'),
(66, '401234567', '241234567', '2022-06-15'),
(67, '411234567', '251234567', '2022-06-20'),
(68, '421234567', '261234567', '2022-06-25'),
(69, '431234567', '271234567', '2022-06-02'),
(70, '441234567', '281234567', '2022-06-07'),
(71, '451234567', '291234567', '2022-06-12'),
(72, '461234567', '301234567', '2022-06-17'),
(73, '471234567', '311234567', '2022-06-22'),
(74, '481234567', '21234567', '2022-06-27'),
(75, '491234567', '31234567', '2022-06-04'),
(76, '501234567', '41234567', '2022-06-09'),
(77, '511234567', '51234567', '2022-07-01'),
(78, '321234567', '61234567', '2022-07-06'),
(79, '331234567', '71234567', '2022-07-11'),
(80, '341234567', '81234567', '2022-07-16'),
(81, '351234567', '91234567', '2022-07-21'),
(82, '361234567', '41234567', '2022-07-26'),
(83, '371234567', '41234567', '2022-07-03'),
(84, '381234567', '21234567', '2022-07-08'),
(85, '391234567', '31234567', '2022-07-13'),
(86, '401234567', '41234567', '2022-07-18'),
(87, '411234567', '51234567', '2022-08-02'),
(88, '421234567', '61234567', '2022-08-07'),
(89, '431234567', '71234567', '2022-08-12'),
(90, '441234567', '81234567', '2022-08-17'),
(91, '451234567', '91234567', '2022-08-22'),
(92, '461234567', '51234567', '2022-09-01'),
(93, '471234567', '51234567', '2022-09-06'),
(94, '481234567', '21234567', '2022-09-11'),
(95, '491234567', '31234567', '2022-09-16'),
(96, '501234567', '41234567', '2022-09-21'),
(97, '321234567', '31234567', '2022-09-26'),
(98, '331234567', '61234567', '2022-09-03'),
(99, '341234567', '71234567', '2022-09-08'),
(100, '351234567', '81234567', '2022-09-13'),
(101, '361234567', '91234567', '2022-09-18'),
(102, '371234567', '41234567', '2022-09-23'),
(103, '381234567', '41234567', '2022-09-28'),
(104, '391234567', '21234567', '2022-10-05'),
(105, '401234567', '31234567', '2022-10-10'),
(106, '411234567', '41234567', '2022-10-15'),
(107, '421234567', '51234567', '2022-10-20'),
(108, '431234567', '61234567', '2022-10-25'),
(109, '441234567', '71234567', '2022-10-02'),
(110, '451234567', '81234567', '2022-10-07'),
(111, '461234567', '91234567', '2022-10-12'),
(112, '471234567', '51234567', '2022-10-17'),
(113, '481234567', '51234567', '2022-10-22'),
(114, '491234567', '21234567', '2022-10-27'),
(115, '321234567', '11234567', '2022-11-11'),
(116, '331234567', '21234567', '2022-11-16'),
(117, '341234567', '31234567', '2022-11-21'),
(118, '351234567', '41234567', '2022-11-26'),
(119, '361234567', '51234567', '2022-11-03'),
(120, '371234567', '61234567', '2022-11-08'),
(121, '381234567', '71234567', '2022-11-13'),
(122, '391234567', '81234567', '2022-11-18'),
(123, '401234567', '91234567', '2022-11-23'),
(124, '411234567', '101234567', '2022-11-28'),
(125, '421234567', '111234567', '2022-11-05'),
(126, '431234567', '121234567', '2022-11-10'),
(127, '441234567', '131234567', '2022-11-15'),
(128, '451234567', '141234567', '2022-11-20'),
(129, '461234567', '151234567', '2022-11-25'),
(130, '471234567', '161234567', '2022-12-02'),
(131, '481234567', '171234567', '2022-12-07'),
(132, '491234567', '181234567', '2022-12-12'),
(133, '501234567', '191234567', '2022-12-17'),
(134, '511234567', '201234567', '2022-12-22'),
(135, '321234567', '211234567', '2022-12-27'),
(136, '331234567', '221234567', '2022-12-04'),
(137, '341234567', '231234567', '2022-12-09'),
(138, '351234567', '241234567', '2022-12-14'),
(139, '361234567', '251234567', '2022-12-19'),
(140, '371234567', '261234567', '2022-12-24'),
(141, '381234567', '271234567', '2022-12-01'),
(142, '391234567', '281234567', '2022-12-06'),
(143, '401234567', '291234567', '2022-12-11'),
(144, '411234567', '301234567', '2022-12-16'),
(145, '421234567', '311234567', '2022-12-21'),
(146, '431234567', '21234567', '2022-12-26'),
(147, '441234567', '31234567', '2022-12-03'),
(148, '451234567', '41234567', '2022-12-08'),
(149, '461234567', '51234567', '2022-12-13'),
(150, '471234567', '61234567', '2022-12-18'),
(151, '481234567', '71234567', '2022-12-23'),
(152, '491234567', '81234567', '2022-12-28'),
(153, '501234567', '91234567', '2022-12-05'),
(154, '511234567', '41234567', '2022-12-30'),
(155, '321234567', '11234567', '2023-01-05'),
(156, '331234567', '21234567', '2023-01-10'),
(157, '341234567', '31234567', '2023-01-15'),
(158, '351234567', '41234567', '2023-01-20'),
(159, '361234567', '51234567', '2023-01-25'),
(160, '371234567', '61234567', '2023-01-30'),
(161, '381234567', '71234567', '2023-01-07'),
(162, '391234567', '81234567', '2023-01-12'),
(163, '401234567', '91234567', '2023-01-17'),
(164, '411234567', '101234567', '2023-01-22'),
(165, '421234567', '11234567', '2023-02-03'),
(166, '431234567', '21234567', '2023-02-08'),
(167, '441234567', '31234567', '2023-02-13'),
(168, '451234567', '41234567', '2023-02-18'),
(169, '461234567', '51234567', '2023-02-23'),
(170, '471234567', '61234567', '2023-02-06'),
(171, '481234567', '71234567', '2023-02-11'),
(172, '491234567', '81234567', '2023-02-16'),
(173, '501234567', '91234567', '2023-02-21'),
(174, '511234567', '101234567', '2023-02-26'),
(175, '321234567', '11234567', '2023-03-03'),
(176, '331234567', '21234567', '2023-03-08'),
(177, '341234567', '31234567', '2023-03-13'),
(178, '351234567', '41234567', '2023-03-18'),
(179, '361234567', '51234567', '2023-03-23'),
(180, '371234567', '61234567', '2023-03-06'),
(181, '381234567', '71234567', '2023-03-11'),
(182, '391234567', '81234567', '2023-03-16'),
(183, '401234567', '91234567', '2023-03-21'),
(184, '411234567', '101234567', '2023-03-26'),
(185, '421234567', '11234567', '2023-03-04'),
(186, '431234567', '21234567', '2023-03-09'),
(187, '441234567', '31234567', '2023-03-14'),
(188, '451234567', '41234567', '2023-03-19'),
(189, '461234567', '51234567', '2023-03-24'),
(190, '471234567', '61234567', '2023-03-29'),
(191, '481234567', '71234567', '2023-03-02'),
(192, '491234567', '81234567', '2023-03-07'),
(193, '501234567', '91234567', '2023-03-12'),
(194, '511234567', '101234567', '2023-03-17'),
(195, '321234567', '11234567', '2023-04-05'),
(196, '331234567', '21234567', '2023-04-10'),
(197, '341234567', '31234567', '2023-04-15'),
(198, '351234567', '41234567', '2023-04-20'),
(199, '361234567', '51234567', '2023-04-25'),
(200, '371234567', '61234567', '2023-04-02'),
(201, '381234567', '71234567', '2023-04-01'),
(202, '391234567', '81234567', '2023-04-06'),
(203, '401234567', '91234567', '2023-04-11'),
(204, '411234567', '101234567', '2023-04-16'),
(205, '421234567', '11234567', '2023-04-23'),
(206, '431234567', '21234567', '2023-04-28'),
(207, '441234567', '31234567', '2023-04-03'),
(208, '451234567', '41234567', '2023-04-08'),
(209, '461234567', '51234567', '2023-04-13'),
(210, '471234567', '61234567', '2023-04-18'),
(211, '481234567', '71234567', '2023-04-25'),
(212, '491234567', '81234567', '2023-04-22'),
(213, '501234567', '91234567', '2023-04-27'),
(214, '511234567', '101234567', '2023-04-04'),
(215, '321234567', '11234567', '2023-04-09'),
(216, '331234567', '21234567', '2023-04-14'),
(217, '341234567', '31234567', '2023-04-19'),
(218, '351234567', '41234567', '2023-04-24'),
(219, '361234567', '51234567', '2023-04-01'),
(220, '371234567', '61234567', '2023-04-26'),
(221, '381234567', '71234567', '2023-04-03'),
(222, '391234567', '81234567', '2023-04-08'),
(223, '401234567', '91234567', '2023-04-13'),
(224, '411234567', '101234567', '2023-04-18'),
(225, '421234567', '11234567', '2023-04-27'),
(226, '431234567', '21234567', '2023-04-04'),
(227, '441234567', '31234567', '2023-04-09'),
(228, '451234567', '41234567', '2023-05-15'),
(229, '461234567', '51234567', '2023-05-20'),
(230, '471234567', '61234567', '2023-05-25'),
(231, '481234567', '71234567', '2023-05-02'),
(232, '491234567', '81234567', '2023-05-07'),
(233, '501234567', '91234567', '2023-06-12'),
(234, '511234567', '101234567', '2023-06-17'),
(235, '321234567', '11234567', '2023-06-22'),
(236, '331234567', '21234567', '2023-06-27'),
(237, '341234567', '31234567', '2023-06-04'),
(238, '351234567', '41234567', '2023-06-09'),
(239, '361234567', '51234567', '2023-06-14'),
(240, '371234567', '61234567', '2023-06-19'),
(241, '381234567', '71234567', '2023-06-24'),
(242, '391234567', '81234567', '2023-06-01'),
(243, '401234567', '91234567', '2023-06-26'),
(244, '411234567', '101234567', '2023-07-03'),
(245, '421234567', '11234567', '2023-07-08'),
(246, '431234567', '21234567', '2023-07-13'),
(247, '441234567', '31234567', '2023-07-18'),
(248, '451234567', '41234567', '2023-07-23'),
(249, '461234567', '51234567', '2023-07-06'),
(250, '471234567', '61234567', '2023-07-11'),
(251, '481234567', '71234567', '2023-07-16'),
(252, '491234567', '81234567', '2023-08-21'),
(253, '501234567', '91234567', '2023-08-26'),
(254, '511234567', '101234567', '2023-08-02'),
(255, '321234567', '11234567', '2023-08-07'),
(256, '331234567', '21234567', '2023-08-12'),
(257, '341234567', '31234567', '2023-08-17'),
(258, '351234567', '41234567', '2023-08-22'),
(259, '361234567', '51234567', '2023-08-27'),
(260, '371234567', '61234567', '2023-08-04'),
(261, '381234567', '71234567', '2023-08-09'),
(262, '391234567', '81234567', '2023-08-14'),
(263, '401234567', '91234567', '2023-08-19'),
(264, '411234567', '101234567', '2023-08-24'),
(265, '421234567', '11234567', '2023-08-01'),
(266, '431234567', '21234567', '2023-08-06'),
(267, '441234567', '31234567', '2023-08-11'),
(268, '451234567', '41234567', '2023-08-16'),
(269, '461234567', '51234567', '2023-08-29'),
(270, '471234567', '61234567', '2023-08-31'),
(271, '481234567', '71234567', '2023-08-28'),
(272, '491234567', '81234567', '2023-08-05'),
(273, '501234567', '91234567', '2023-09-10'),
(274, '511234567', '101234567', '2023-09-15'),
(275, '321234567', '11234567', '2023-09-20'),
(276, '331234567', '21234567', '2023-09-25'),
(277, '341234567', '31234567', '2023-09-02'),
(278, '351234567', '41234567', '2023-09-07'),
(279, '361234567', '51234567', '2023-09-12'),
(280, '371234567', '61234567', '2023-09-17'),
(281, '381234567', '71234567', '2023-09-22'),
(282, '391234567', '81234567', '2023-09-27'),
(283, '401234567', '91234567', '2023-09-04'),
(284, '411234567', '101234567', '2023-09-09'),
(285, '421234567', '11234567', '2023-09-14'),
(286, '431234567', '21234567', '2023-09-19'),
(287, '441234567', '31234567', '2023-09-24'),
(288, '451234567', '41234567', '2023-09-01'),
(289, '461234567', '51234567', '2023-09-06'),
(290, '471234567', '61234567', '2023-09-11'),
(291, '481234567', '71234567', '2023-09-16'),
(292, '491234567', '81234567', '2023-09-21'),
(293, '401234567', '11234567', '2023-10-05'),
(294, '411234567', '21234567', '2023-10-10'),
(295, '421234567', '31234567', '2023-10-15'),
(296, '431234567', '41234567', '2023-10-20'),
(297, '441234567', '51234567', '2023-10-25'),
(298, '451234567', '61234567', '2023-10-02'),
(299, '461234567', '71234567', '2023-10-07'),
(300, '471234567', '81234567', '2023-10-12'),
(301, '481234567', '91234567', '2023-10-17'),
(302, '491234567', '101234567', '2023-10-22'),
(303, '501234567', '111234567', '2023-11-01'),
(304, '511234567', '121234567', '2023-11-06'),
(305, '321234567', '131234567', '2023-11-11'),
(306, '331234567', '141234567', '2023-11-16'),
(307, '341234567', '151234567', '2023-11-21'),
(308, '351234567', '161234567', '2023-11-26'),
(309, '361234567', '171234567', '2023-11-03'),
(310, '371234567', '181234567', '2023-11-08'),
(311, '381234567', '191234567', '2023-11-13'),
(312, '391234567', '201234567', '2023-11-18'),
(313, '401234567', '211234567', '2023-11-23'),
(314, '411234567', '221234567', '2023-11-28'),
(315, '421234567', '231234567', '2023-11-05'),
(316, '431234567', '241234567', '2023-11-10'),
(317, '441234567', '251234567', '2023-12-01'),
(318, '451234567', '261234567', '2023-12-06'),
(319, '461234567', '271234567', '2023-12-11'),
(320, '471234567', '281234567', '2023-12-16'),
(321, '481234567', '291234567', '2023-12-21'),
(322, '491234567', '301234567', '2023-12-26'),
(323, '501234567', '311234567', '2023-12-03'),
(324, '511234567', '11234567', '2023-12-08'),
(325, '321234567', '21234567', '2023-12-13'),
(326, '331234567', '31234567', '2023-12-18'),
(327, '341234567', '41234567', '2023-12-23'),
(328, '351234567', '51234567', '2023-12-28'),
(329, '361234567', '61234567', '2023-12-05'),
(330, '371234567', '71234567', '2023-12-10'),
(331, '381234567', '81234567', '2023-12-15'),
(332, '391234567', '91234567', '2023-12-20'),
(333, '401234567', '51234567', '2023-12-25')
ON CONFLICT (id_venta) DO NOTHING;

SELECT setval('concesionarioapp_venta_id_venta_seq', (SELECT MAX(id_venta) FROM concesionarioapp_venta));


INSERT INTO concesionarioapp_venta_vehiculo (id_venta_vehiculo, venta_id, vehiculo_id, extra_id, porcentaje_descuento)
VALUES
(1, 1, '1GCCS19W128314729', 1, 0),
(2, 2, '3GCUKSEC3HG509801', 2, 0.05),
(3, 3, '1GCGTBEN1L1234567', 3, 0.10),
(4, 4, '3GCUKREC7JG509804', 4, 0.15),
(5, 5, '1GNSKCE03BR123456', 5, 0.20),
(6, 6, '1GCCS19W128314730', 6, 0),
(7, 7, '3GCUKSEC3HG509802', 7, 0.05), 
(8, 8, '1GCGTBEN1L1234568', 1, 0.10),
(9, 9, '3GCUKREC7JG509805', 2, 0.15),
(10, 10, '1GNSKCE03BR123457', 3, 0.20),
(11, 11, '1GCCS19W128314731', 4, 0),
(12, 12, '3GCUKSEC3HG509803', 5, 0.05),
(13, 13, '1GCGTBEN1L1234569', 6, 0.10),
(14, 14, '3GCUKREC7JG509806', 7, 0.15),
(15, 15, '1GNSKCE03BR123458', 1, 0.20),
(16, 16, '1GCCS19W128314732', 2, 0),
(17, 17, '3GCUKSEC3HG509804', 3, 0.05),
(18, 18, '1GCGTBEN1L1234570', 4, 0.10),
(19, 19, '3GCUKREC7JG509807', 5, 0.15),
(20, 20, '1GNSKCE03BR123459', 6, 0.20),
(21, 21, '1GCCS19W128314733', 7, 0),
(22, 22, '3GCUKSEC3HG509805', 1, 0.05),
(23, 23, '1GCGTBEN1L1234571', 2, 0.10),
(24, 24, '3GCUKREC7JG509808', 3, 0.15),
(25, 25, '1GNSKCE03BR123460', 4, 0.20),
(26, 26, '1GNCMDED0L1378092', 5, 0),
(27, 27, '3GNGKGED9KG123456', 6, 0.05),
(28, 28, '1GCCWDED1M1123456', 7, 0.10),
(29, 29, '3GNMNGED4KG123457', 1, 0.15),
(30, 30, '1GCSWDED7K1301234', 2, 0.20),
(31, 31, '1GNCMDED0L1378093', 3, 0),
(32, 32, '3GNGKGED9KG123457', 4, 0.05),
(33, 33, '1GCCWDED1M1123457', 5, 0.10),
(34, 34, '3GNMNGED4KG123458', 6, 0.15),
(35, 35, '1GCSWDED7K1301235', 7, 0.20),
(36, 36, '1GNCMDED0L1378094', 1, 0),
(37, 37, '3GNGKGED9KG123458', 2, 0.05),
(38, 38, '1GCCWDED1M1123458', 3, 0.10),
(39, 39, '3GNMNGED4KG123459', 4, 0.15),
(40, 40, '1GCSWDED7K1301236', 5, 0.20),
(41, 41, '1GNCMDED0L1378095', 6, 0),
(42, 42, '3GNGKGED9KG123459', 7, 0.05),
(43, 43, '1GCCWDED1M1123459', 1, 0.10),
(44, 44, '3GNMNGED4KG123460', 2, 0.15),
(45, 45, '1GCSWDED7K1301237', 3, 0.20),
(46, 46, '1GNCMDED0L1378096', 4, 0),
(47, 47, '3GNGKGED9KG123460', 5, 0.05),
(48, 48, '1GCCWDED1M1123460', 6, 0.10),
(49, 49, '3GNMNGED4KG123461', 7, 0.15),
(50, 50, '1GCSWDED7K1301238', 1, 0.20),
(51, 51, '1GNCMDED0L1378113', 2, 0),
(52, 52, '3GNGKGED9KG123478', 3, 0.05),
(53, 53, '1GCCWDED1M1123477', 4, 0.10),
(54, 54, '3GNMNGED4KG123479', 5, 0.15),
(55, 55, '1GCSWDED7K1301255', 6, 0.20),
(56, 56, '1GNCMDED0L1378114', 7, 0),
(57, 57, '3GNGKGED9KG123480', 1, 0.05),
(58, 58, '1GCCWDED1M1123478', 2, 0.10),
(59, 59, '3GNMNGED4KG123481', 3, 0.15),
(60, 60, '1GCSWDED7K1301256', 4, 0.20),
(61, 61, '1GNCMDED0L1378115', 5, 0),
(62, 62, '3GNGKGED9KG123482', 6, 0.05),
(63, 63, '1GCCWDED1M1123479', 7, 0.10),
(64, 64, '3GNMNGED4KG123483', 1, 0.15),
(65, 65, '1GCSWDED7K1301257', 2, 0.20),
(66, 66, '1GNCMDED0L1378116', 3, 0),
(67, 67, '3GNGKGED9KG123484', 4, 0.05),
(68, 68, '1GCCWDED1M1123480', 5, 0.10),
(69, 69, '3GNMNGED4KG123485', 6, 0.15),
(70, 70, '1GCSWDED7K1301258', 7, 0.20),
(71, 71, '1GNCMDED0L1378117', 1, 0),
(72, 72, '3GNGKGED9KG123486', 2, 0.05),
(73, 73, '1GCCWDED1M1123481', 3, 0.10),
(74, 74, '3GNMNGED4KG123487', 4, 0.15),
(75, 75, '1GCSWDED7K1301259', 5, 0.20),
(76, 76, '1GNCMDED0L1378118', 6, 0),
(77, 77, '3GNGKGED9KG123488', 7, 0.05),
(78, 78, '1GCCWDED1M1123482', 1, 0.10),
(79, 79, '3GNMNGED4KG123489', 2, 0.15),
(80, 80, '1GCSWDED7K1301260', 3, 0.20),
(81, 81, '1GNCMDED0L1378202', 4, 0),
(82, 82, '3GNGKGED9KG123490', 5, 0.05),
(83, 83, '1GCCWDED1M1123483', 6, 0.10),
(84, 84, '3GNMNGED4KG123491', 7, 0.15),
(85, 85, '1GCSWDED7K1301261', 1, 0.20),
(86, 86, '1GNCMDED0L1378203', 2, 0),
(87, 87, '3GNGKGED9KG123492', 3, 0.05),
(88, 88, '1GCCWDED1M1123484', 4, 0.10),
(89, 89, '3GNMNGED4KG123493', 5, 0.15),
(90, 90, '1GCSWDED7K1301262', 6, 0.20),
(91, 91, '1GNCMDED0L1378204', 7, 0),
(92, 92, '3GNGKGED9KG123494', 1, 0.05),
(93, 93,'1GCCWDED1M1123485', 2, 0.10),
(94, 94, '3GNMNGED4KG123495', 3, 0.15),
(95, 95, '1GCSWDED7K1301263', 4, 0.20),
(96, 96, '1GNCMDED0L1378205', 5, 0),
(97, 97, '3GNGKGED9KG123496', 6, 0.05),
(98, 98, '1GCCWDED1M1123486', 7, 0.10),
(99, 99, '3GNMNGED4KG123497', 1, 0.15),
(100, 100, '1GCSWDED7K1301264', 2, 0.20),
(101, 101, '1GNCMDED0L1378206', 3, 0),
(102, 102, '3GNGKGED9KG123498', 4, 0.05),
(103, 103, '1GCCWDED1M1123487', 5, 0.10),
(104, 104, '3GNMNGED4KG123499', 6, 0.15),
(105, 105, '1GCSWDED7K1301265', 7, 0.20),
(106, 106, '1GNCMDED0L1378207', 1, 0),
(107, 107, '3GNGKGED9KG123500', 2, 0.05),
(108, 108, '1GCCWDED1M1123488', 3, 0.10),
(109, 109, '3GNMNGED4KG123501', 4, 0.15),
(110, 110, '1GCSWDED7K1301266', 5, 0.20),
(111, 111, '1GNCMDED0L1378208', 6, 0),
(112, 112, '3GNGKGED9KG123502', 7, 0.05),
(113, 113, '1GCCWDED1M1123489', 1, 0.10),
(114, 114, '3GNMNGED4KG123503', 2, 0.15),
(115, 115, '1GCSWDED7K1301267', 3, 0.20),
(116, 116, '1GNCMDED0L1378209', 4, 0),
(117, 117, '3GNGKGED9KG123504', 5, 0.05),
(118, 118, '1GCCWDED1M1123490', 6, 0.10),
(119, 119, '3GNMNGED4KG123505', 7, 0.15),
(120, 120, '1GCSWDED7K1301270', 1, 0.20),
(121, 121, '1GNCMDED0L1378210', 2, 0),
(122, 122, '3GNGKGED9KG123506', 3, 0.05),
(123, 123, '1GCCWDED1M1123491', 4, 0.10),
(124, 124, '3GNMNGED4KG123507', 5, 0.15),
(125, 125, '1GCSWDED7K1301271', 6, 0.20),
(126, 126, '1GNCMDED0L1378301', 7, 0),
(127, 127, '3GNGKGED9KG123508', 1, 0.05),
(128, 128, '1GCCWDED1M1123492', 2, 0.10),
(129, 129, '3GNMNGED4KG123509', 3, 0.15),
(130, 130, '1GCSWDED7K1301272', 4, 0.20),
(131, 131, '1GNCMDED0L1378302', 5, 0),
(132, 132, '3GNGKGED9KG123510', 6, 0.05),
(133, 133, '1GCCWDED1M1123493', 7, 0.10),
(134, 134, '3GNMNGED4KG123511', 1, 0.15),
(135, 135, '1GCSWDED7K1301273', 2, 0.20),
(136, 136, '1GNCMDED0L1378303', 3, 0),
(137, 137, '3GNGKGED9KG123512', 4, 0.05),
(138, 138, '1GCCWDED1M1123494', 5, 0.10),
(139, 139, '3GNMNGED4KG123513', 6, 0.15),
(140, 140, '1GCSWDED7K1301274', 7, 0.20),
(141, 141, '1GNCMDED0L1378304', 1, 0),
(142, 142, '3GNGKGED9KG123514', 2, 0.05),
(143, 143, '1GCCWDED1M1123495', 3, 0.10),
(144, 144, '3GNMNGED4KG123515', 4, 0.15),
(145, 145, '1GCSWDED7K1301275', 5, 0.20),
(146, 146, '1GNCMDED0L1378305', 6, 0),
(147, 147, '3GNGKGED9KG123516', 7, 0.05),
(148, 148, '1GCCWDED1M1123496', 1, 0.10),
(149, 149, '3GNMNGED4KG123517', 2, 0.15),
(150, 150, '1GCSWDED7K1301276', 3, 0.20),
(151, 151, '1GNCMDED0L1378306', 4, 0),
(152, 152, '3GNGKGED9KG123518', 5, 0.05),
(153, 153, '1GCCWDED1M1123497', 6, 0.1),
(154, 154, '3GNMNGED4KG123519', 7, 0.15),
(155, 155, '1GCSWDED7K1301277', 1, 0.20),
(156, 156, '1GNCMDED0L1378307', 2, 0),
(157, 157, '3GNGKGED9KG123520', 3, 0.05),
(158, 158, '1GCCWDED1M1123498', 4, 0.10),
(159, 159, '3GNMNGED4KG123521', 5, 0.15),
(160, 160, '1GCSWDED7K1301278', 6, 0.20),
(161, 161, '1GNCMDED0L1378308', 7, 0),
(162, 162, '3GNGKGED9KG123522', 1, 0.05),
(163, 163, '1GCCWDED1M1123499', 2, 0.10),
(164, 164, '3GNMNGED4KG123523', 3, 0.15),
(165, 165, '1GCSWDED7K1301279', 4, 0.20),
(166, 166, '1GNCMDED0L1378309', 5, 0),
(167, 167, '3GNGKGED9KG123524', 6, 0.05),
(168, 168, '1GCCWDED1M1123500', 7, 0.10),
(169, 169, '3GNMNGED4KG123525', 1, 0.15),
(170, 170, '1GCSWDED7K1301280', 2, 0.20),
(171, 171, '1GNCMDED0L1378310', 3, 0),
(172, 172, '3GNGKGED9KG123526', 4, 0.05),
(173, 173, '1GCCWDED1M1123501', 5, 0.10),
(174, 174, '3GNMNGED4KG123527', 6, 0.15),
(175, 175, '1GCSWDED7K1301281', 7, 0.20),
(176, 176, '1GNCMDED0L1378311', 1, 0),
(177, 177, '3GNGKGED9KG123528', 2, 0.05),
(178, 178, '1GCCWDED1M1123502', 3, 0.10),
(179, 179, '3GNMNGED4KG123529', 4, 0.15),
(180, 180, '1GCSWDED7K1301282', 5, 0.20),
(181, 181, '1GNCMDED0L1378312', 6, 0),
(182, 182, '3GNGKGED9KG123530', 7, 0.05),
(183, 183, '1GCCWDED1M1123503', 1, 0.10),
(184, 184, '3GNMNGED4KG123531', 2, 0.15),
(185, 185, '1GCSWDED7K1301283', 3, 0.20),
(186, 186, '1GNCMDED0L1378313', 4, 0),
(187, 187, '3GNGKGED9KG123532', 5, 0.05),
(188, 188, '1GCCWDED1M1123504', 6, 0.10),
(189, 189, '3GNMNGED4KG123533', 7, 0.15),
(190, 190, '1GCSWDED7K1301284', 1, 0.20),
(191, 191, '1GNCMDED0L1378314', 2, 0),
(192, 192, '3GNGKGED9KG123534', 3, 0.05),
(193, 193, '1GCCWDED1M1123505', 4, 0.10),
(194, 194, '3GNMNGED4KG123535', 5, 0.15),
(195, 195, '1GCSWDED7K1301285', 6, 0.20),
(196, 196, '1GNCMDED0L1378315', 7, 0),
(197, 197, '3GNGKGED9KG123536', 1, 0.05),
(198, 198, '1GCCWDED1M1123506', 2, 0.10),
(199, 199, '3GNMNGED4KG123537', 3, 0.15),
(200, 200, '1GCSWDED7K1301286', 4, 0.20),
(201, 201, '1GNCMDED0L1378316', 5, 0),
(202, 202, '3GNGKGED9KG123538', 6, 0.05),
(203, 203, '1GCCWDED1M1123507', 7, 0.10),
(204, 204, '3GNMNGED4KG123539', 1, 0.15),
(205, 205, '1GCSWDED7K1301287', 2, 0.20),
(206, 206, '1GNCMDED0L1378317', 3, 0),
(207, 207, '3GNGKGED9KG123540', 4, 0.05),
(208, 208, '1GCCWDED1M1123508', 5, 0.10),
(209, 209, '3GNMNGED4KG123541', 6, 0.15),
(210, 210, '1GCSWDED7K1301288', 7, 0.20),
(211, 211, '1GNCMDED0L1378318', 1, 0),
(212, 212, '3GNGKGED9KG123542', 2, 0.05),
(213, 213, '1GCCWDED1M1123509', 3, 0.10),
(214, 214, '3GNMNGED4KG123543', 4, 0.15),
(215, 215, '1GCSWDED7K1301289', 5, 0.20),
(216, 216, '1GNCMDED0L1378319', 6, 0),
(217, 217, '3GNGKGED9KG123544', 7, 0.05),
(218, 218, '1GCCWDED1M1123510', 1, 0.10),
(219, 219, '3GNMNGED4KG123545', 2, 0.15),
(220, 220, '1GCSWDED7K1301290', 3, 0.20),
(221, 221, '1GNCMDED0L1378320', 4, 0),
(222, 222, '3GNGKGED9KG123546', 5, 0.05),
(223, 223, '1GCCWDED1M1123511', 6, 0.10),
(224, 224, '3GNMNGED4KG123547', 7, 0.15),
(225, 225, '1GCSWDED7K1301291', 1, 0.20),
(226, 226, '1GNCMDED0L1378321', 2, 0),
(227, 227, '3GNGKGED9KG123548', 3, 0.05),
(228, 228, '1GCCWDED1M1123512', 4, 0.10),
(229, 229, '3GNMNGED4KG123549', 5, 0.15),
(230, 230, '1GCSWDED7K1301292', 6, 0.20),
(231, 231, '1GNCMDED0L1378322', 7, 0),
(232, 232, '3GNGKGED9KG123550', 1, 0.05),
(233, 233, '1GCCWDED1M1123513', 2, 0.10),
(234, 234, '3GNMNGED4KG123551', 3, 0.15),
(235, 235, '1GCSWDED7K1301293', 4, 0.20),
(236, 236, '1GNCMDED0L1378323', 5, 0),
(237, 237, '3GNGKGED9KG123552', 6, 0.05),
(238, 238, '1GCCWDED1M1123514', 7, 0.10),
(239, 239, '3GNMNGED4KG123553', 1, 0.15),
(240, 240, '1GCSWDED7K1301294', 2, 0.20),
(241, 241, '1GNCMDED0L1378324', 3, 0),
(242, 242, '3GNGKGED9KG123554', 4, 0.05),
(243, 243, '1GCCWDED1M1123515', 5, 0.10),
(244, 244, '3GNMNGED4KG123555', 6, 0.15),
(245, 245, '1GCSWDED7K1301295', 7, 0.20),
(246, 246, '1GNCMDED0L1378325', 1, 0),
(247, 247, '1GCWTBED1K1123450', 2, 0.05),
(248, 248, '3GTNDMEX8LZ123450', 3, 0.10),
(249, 249, '1GTNDDREW9R123451', 4, 0.15),
(250, 250, '3GTNDEXH5JZ123452', 5, 0.20),
(251, 251, '1GTNDMEN2PZ123453', 6, 0),
(252, 252, '3GTNDMEX4KZ123454', 7, 0.05),
(253, 253, '1GTNDREW7VZ123455', 1, 0.10),
(254, 254, '3GTNDMEX9WZ123456', 2, 0.15),
(255, 255, '1GTNDMEN1LZ123457', 3, 0.20),
(256, 256, '3GTNDREW3MZ123458', 4, 0),
(257, 257, '1GTNDEXH1KZ123459', 5, 0.05),
(258, 258, '3GTNDMEX2GZ123460', 6, 0.10),
(259, 259, '1GTNDREW8FZ123461', 7, 0.15),
(260, 260, '3GTNDMEX0HZ123462', 1, 0.20),
(261, 261, '1GTNDEXH4EZ123463', 2, 0),
(262, 262, '3GTNDMEX7UZ123464', 3, 0.05),
(263, 263, '1GTNDREW6WZ123465', 4, 0.10),
(264, 264, '3GTNDMEX5JZ123466', 5, 0.15),
(265, 265, '1GTNDEXH8HZ123467', 6, 0.20),
(266, 266, '3GTNDMEX1EZ123468', 7, 0),
(267, 267, '1GTNDREW9UZ123469', 1, 0.05),
(268, 268, '3GTNDMEX3WZ123470', 2, 0.10),
(269, 269, '1GTNDEXH2JZ123471', 3, 0.15),
(270, 270, '3GTNDMEX4KZ123472', 4, 0.20),
(271, 271, '1GTNDREW5UZ123473', 5, 0),
(272, 272, '3GTNDMEX6WZ123474', 6, 0.05),
(273, 273, '1GTNDEXH7EZ123475', 7, 0.10),
(274, 274, '3GTNDMEX8JZ123476', 1, 0.15),
(275, 275, '1GTNDEXH0UZ123477', 2, 0.20),
(276, 276, '3GTNDREW1KZ123478', 3, 0),
(277, 277, '1GTNDEXH3WZ123479', 4, 0.05),
(278, 278, '3GTNDMEX5JZ123480', 5, 0.10),
(279, 279, '1GTNDREW7UZ123481', 6, 0.15),
(280, 280, '3GTNDMEX9KZ123482', 7, 0.20),
(281, 281, '1GTNDEXH1WZ123483', 1, 0),
(282, 282, '3GTNDMEX3EZ123484', 2, 0.05),
(283, 283, '1GTNDREW4KZ123485', 3, 0.10),
(284, 284, '3GTNDMEX6WZ123486', 4, 0.15),
(285, 285, '1GTNDEXH8EZ123487', 5, 0.20),
(286, 286, '3GTNDMEX0KZ123488', 6, 0),
(287, 287, '1GTNDREW2UZ123489', 7, 0.05),
(288, 288, '3GTNDMEX4EZ123490', 1, 0.10),
(289, 289, '1GTNDEXH6WZ123491', 2, 0.15),
(290, 290, '3GTNDMEX8KZ123492', 3, 0.20),
(291, 291, '1GTNDEXH0UZ123493', 4, 0),
(292, 292, '3GTNDREW2KZ123494', 5, 0.05),
(293, 293, '1GTNDEXH3WZ123495', 6, 0.10),
(294, 294, '3GTNDMEX5EZ123496', 7, 0.15),
(295, 295, '1GTNDREW7UZ123497', 1, 0.20),
(296, 296, '3GTNDMEX9KZ123498', 2, 0),
(297, 297, '1GTNDEXH1WZ123499', 3, 0.05),
(298, 298, '3GTNDREW3EZ123500', 4, 0.10),
(299, 299, '1GTNDEXH5KZ123501', 5, 0.15),
(300, 300, '3GTNDMEX8WZ123502', 6, 0.20),
(301, 301, '1GTNDREW0UZ123503', 7, 0),
(302, 302, '3GTNDMEX2KZ123504', 1, 0.05),
(303, 303, '1GTNDEXH4WZ123505', 2, 0.10),
(304, 304, '3GTNDREW6EZ123506', 3, 0.15),
(305, 305, '1GTNDEXH8KZ123507', 4, 0.20),
(306, 306, '3GTNDREW1UZ123508', 5, 0),
(307, 307, '1GTNDEXH3WZ123509', 6, 0.05),
(308, 308, '3GTNDMEX5KZ123510', 7, 0.10),
(309, 309, '1GTNDEXH7UZ123511', 1, 0.15),
(310, 310, '3GTNDMEX9WZ123512', 2, 0.20),
(311, 311, '1GTNDEXH0EZ123513', 3, 0),
(312, 312, '3GTNDREW2KZ123514', 4, 0.05),
(313, 313, '1GTNDEXH4UZ123515', 5, 0.10),
(314, 314, '3GTNDMEX6EZ123516', 6, 0.15),
(315, 315, '1GTNDEXH8KZ123517', 7, 0.20),
(316, 316, '3GTNDREW1UZ123518', 1, 0),
(317, 317, '1GTNDEXH0EZ123519', 2, 0.05),
(318, 318, '3GTNDMEX3KZ123520', 3, 0.10),
(319, 319, '1GTNDEXH4UZ123521', 4, 0.15),
(320, 320, '3GTNDREW6EZ123522', 5, 0.20),
(321, 321, '1GTNDEXH8KZ123523', 6, 0),
(322, 322, '3GTNDREW1UZ123524', 7, 0.05),
(323, 323, '1GTNDEXH0EZ123525', 1, 0.10),
(324, 324, '3GTNDMEX3KZ123526', 2, 0.15),
(325, 325, '1GTNDEXH4UZ123527', 3, 0.20),
(326, 326, '3GTNDREW6EZ123528', 4, 0),
(327, 327, '1GTNDEXH8KZ123529', 5, 0.05),
(328, 328, '3GTNDREW1UZ123530', 6, 0.10),
(329, 329, '1GTNDEXH0EZ123531', 7, 0.15),
(330, 330, '3GTNDMEX3KZ123532', 1, 0.20),
(331, 331, '1GTNDEXH4UZ123533', 2, 0),
(332, 332, '3GTNDREW6EZ123534', 3, 0.05),
(333, 1, '1GTNDEXH8KZ123535', 4, 0.10),
(334, 1, '3GTNDREW1UZ123536', 5, 0.15),
(335, 1, '1GTNDEXH0EZ123537', 6, 0.20),
(336, 4, '3GTNDMEX3KZ123538', 7, 0),
(337, 8, '1GTNDEXH4UZ123539', 1, 0.05),
(338, 155, '3GTNDREW6EZ123540', 2, 0.10),
(339, 155, '1GTNDEXH8KZ123541', 3, 0.15),
(340, 158, '3GTNDREW1UZ123542', 4, 0.20),
(341, 160, '1GTNDEXH0EZ123543', 5, 0),
(342, 329, '3GTNDMEX3KZ123544', 6, 0.05),
(343, 330, '1GTNDEXH4UZ123545', 7, 0.10),
(344, 330, '3GTNDREW6EZ123546', 1, 0.15),
(345, 5, '1GTNDEXH8KZ123547', 2, 0.20),
(346, 24, '3GTNDREW1UZ123548', 3, 0),
(347, 30, '1GTNDEXH0EZ123549', 4, 0.05)
ON CONFLICT (id_venta_vehiculo) DO NOTHING;

SELECT setval('concesionarioapp_venta_vehiculo_id_venta_vehiculo_seq', (SELECT MAX(id_venta_vehiculo) FROM concesionarioapp_venta_vehiculo));

UPDATE concesionarioapp_venta_vehiculo
SET extra_id = FLOOR(RANDOM() * 7) + 1;


UPDATE concesionarioapp_vehiculo 
SET disponible_para_venta = FALSE 
WHERE vin IN (
  SELECT vehiculo_id 
  FROM concesionarioapp_venta_vehiculo
);

INSERT INTO concesionarioapp_repuesto(id_repuesto, nombre_repuesto, precio_repuesto, descripcion_repuesto)
VALUES
(1, 'Bomba de agua', 100000, 'Bomba de agua para motor de 4 cilindros'),
(2, 'Luces', 150000, 'Bomba de agua para motor de 6 cilindros'),
(3, 'Parachoques', 200000, 'Bomba de agua para motor de 8 cilindros'),
(4, 'Bomba de aceite', 100000, 'Bomba de aceite para motor de 4 cilindros'),
(5, 'Amortiguador 1', 150000, 'Bomba de aceite para motor de 6 cilindros'),
(6, 'Amortiguador 2', 200000, 'Bomba de aceite para motor de 8 cilindros'),
(7, 'Bomba de gasolina', 100000, 'Bomba de gasolina para motor de 4 cilindros'),
(8, 'Bomba de gasolina 1', 150000, 'Bomba de gasolina para motor de 6 cilindros'),
(9, 'Bomba de gasolina 2', 200000, 'Bomba de gasolina para motor de 8 cilindros'),
(10, 'Bomba de frenos', 100000, 'Bomba de frenos para motor de 4 cilindros'),
(11, 'Bomba de frenos 1', 150000, 'Bomba de frenos para motor de 6 cilindros'),
(12, 'Bomba de frenos 2', 200000, 'Bomba de frenos para motor de 8 cilindros'),
(13, 'Bomba de direccion 1', 100000, 'Bomba de direccion para motor de 4 cilindros'),
(14, 'Bomba de direccion 2', 150000, 'Bomba de direccion para motor de 6 cilindros'),
(15, 'Bomba de direccion 3', 200000, 'Bomba de direccion para motor de 8 cilindros'),
(16, 'Bomba de aire', 100000, 'Bomba de aire para motor de 4 cilindros'),
(17, 'Bomba de aire 2', 150000, 'Bomba de aire para motor de 6 cilindros')
ON CONFLICT (id_repuesto) DO NOTHING;

SELECT setval('concesionarioapp_repuesto_id_repuesto_seq', (SELECT MAX(id_repuesto) FROM concesionarioapp_repuesto));

INSERT INTO concesionarioapp_uso_repuesto(id_uso_repuesto, id_modelo_id, id_repuesto_id)
VALUES
(1, 1, 1),
(2, 1, 2),
(3, 1, 3),
(4, 1, 4),
(5, 1, 5),
(6, 1, 6),
(7, 1, 7),
(8, 1, 8),
(9, 1, 9),
(10, 1, 10),
(11, 1, 11),
(12, 1, 12),
(13, 1, 13),
(14, 1, 14),
(15, 1, 15),
(16, 1, 16),
(17, 1, 17),
(18, 2, 1),
(19, 2, 2),
(20, 2, 3),
(21, 2, 4),
(22, 2, 5),
(23, 2, 6),
(24, 2, 7),
(25, 2, 8),
(26, 2, 9),
(27, 2, 10),
(28, 2, 11),
(29, 2, 12),
(30, 2, 13),
(31, 2, 14),
(32, 2, 15),
(33, 2, 16),
(34, 2, 17),
(35, 3, 1),
(36, 3, 2),
(37, 3, 3),
(38, 3, 4),
(39, 3, 5),
(40, 3, 6),
(41, 3, 7),
(42, 3, 8),
(43, 3, 9),
(44, 3, 10),
(45, 3, 11),
(46, 3, 12),
(47, 3, 13),
(48, 3, 14),
(49, 3, 15),
(50, 3, 16),
(51, 3, 17),
(52, 4, 1),
(53, 4, 2),
(54, 4, 3),
(55, 4, 4)
ON CONFLICT (id_uso_repuesto) DO NOTHING;

SELECT setval('concesionarioapp_uso_repuesto_id_uso_repuesto_seq', (SELECT MAX(id_uso_repuesto) FROM concesionarioapp_uso_repuesto));


INSERT INTO concesionarioapp_inventario_repuesto(id_inventario_repuesto, cantidad, id_repuesto_id, id_sucursal_id)
VALUES
(1, 100, 1, 1),
(2, 100, 2, 1),
(3, 100, 3, 1),
(4, 100, 4, 1),
(5, 100, 5, 1),
(6, 100, 6, 1),
(7, 100, 7, 1),
(8, 100, 8, 1),
(9, 100, 9, 1),
(10, 100, 10, 1),
(11, 100, 11, 1),
(12, 100, 12, 1),
(13, 100, 13, 1),
(14, 100, 14, 1),
(15, 100, 15, 1),
(16, 100, 16, 1),
(17, 100, 17, 1),
(18, 100, 1, 2),
(19, 100, 2, 2),
(20, 100, 3, 2),
(21, 100, 4, 2),
(22, 100, 5, 2),
(23, 100, 6, 2),
(24, 100, 7, 2),
(25, 100, 8, 2),
(26, 100, 9, 2),
(27, 100, 10, 2),
(28, 100, 11, 2),
(29, 100, 12, 2),
(30, 100, 13, 2),
(31, 100, 14, 2),
(32, 100, 15, 2),
(33, 100, 16, 2),
(34, 100, 17, 2),
(35, 100, 1, 3),
(36, 100, 2, 3),
(37, 100, 3, 3),
(38, 100, 4, 3),
(39, 100, 5, 3),
(40, 100, 6, 3),
(41, 100, 7, 3)
ON CONFLICT (id_inventario_repuesto) DO NOTHING;

SELECT setval('concesionarioapp_inventario_repuesto_id_inventario_repuesto_seq', (SELECT MAX(id_inventario_repuesto) FROM concesionarioapp_inventario_repuesto));


INSERT INTO concesionarioapp_servicio(id_servicio, nombre_servicio)
VALUES
(1, 'Cambio de aceite'),
(2, 'Cambio de frenos'),
(3, 'Cambio de amortiguadores'),
(4, 'Cambio de bomba de agua'),
(5, 'Cambio de bomba de gasolina'),
(6, 'Cambio de bomba de frenos'),
(7, 'Cambio de bomba de direccion'),
(8, 'Cambio de bomba de aire'),
(9, 'Cambio de luces'),
(10, 'Cambio de parachoques')
ON CONFLICT (id_servicio) DO NOTHING;

SELECT setval('concesionarioapp_servicio_id_servicio_seq', (SELECT MAX(id_servicio) FROM concesionarioapp_servicio));

SELECT setval('concesionarioapp_orden_trabajo_id_orden_trabajo_seq', (SELECT MAX(id_orden_trabajo) FROM concesionarioapp_orden_trabajo));

SELECT setval('concesionarioapp_servicio_orden_id_servicio_orden_seq', (SELECT MAX(id_servicio_orden) FROM concesionarioapp_servicio_orden));

SELECT setval('concesionarioapp_repuesto_orden_id_repuesto_orden_seq', (SELECT MAX(id_repuesto_orden) FROM concesionarioapp_repuesto_orden));

INSERT INTO concesionarioapp_cotizacion(id_cotizacion, vendedor_id, cliente_id, fecha_creacion, fecha_vencimiento)
VALUES 
(1, '321234567', '11234567', '2022-01-01', '2022-01-21'),
(2, '331234567', '21234567', '2022-01-02', '2022-01-22'),
(3, '341234567', '31234567', '2022-01-03', '2022-01-23'),
(4, '351234567', '41234567', '2022-01-04', '2022-01-24'),
(5, '361234567', '51234567', '2022-01-05', '2022-01-25'),
(6, '371234567', '61234567', '2022-01-06', '2022-01-26'),
(7, '381234567', '71234567', '2022-01-07', '2022-01-27'),
(8, '391234567', '81234567', '2022-01-08', '2022-01-28'),
(9, '401234567', '91234567', '2022-01-09', '2022-01-29'),
(10, '411234567', '101234567', '2022-01-10', '2022-01-30'),
(11, '421234567', '111234567', '2022-01-11', '2022-01-31'),
(12, '431234567', '121234567', '2022-01-12', '2022-02-01'),
(13, '441234567', '131234567', '2022-01-13', '2022-02-02'),
(14, '451234567', '141234567', '2022-01-14', '2022-02-03'),
(15, '461234567', '151234567', '2022-01-15', '2022-02-04'),
(16, '471234567', '161234567', '2022-01-16', '2022-02-05'),
(17, '481234567', '171234567', '2022-01-17', '2022-02-06'),
(18, '491234567', '181234567', '2022-01-18', '2022-02-07'),
(19, '501234567', '191234567', '2022-01-19', '2022-02-08'),
(20, '321234567', '11234567', '2022-01-20', '2022-02-09'),
(21, '331234567', '21234567', '2022-01-21', '2022-02-10'),
(22, '341234567', '31234567', '2022-01-22', '2022-02-11'),
(23, '351234567', '41234567', '2022-01-23', '2022-02-12'),
(24, '361234567', '51234567', '2022-01-24', '2022-02-13'),
(25, '371234567', '61234567', '2022-01-25', '2022-02-14'),
(26, '381234567', '71234567', '2022-01-26', '2022-02-15'),
(27, '391234567', '81234567', '2022-01-27', '2022-02-16'),
(28, '401234567', '91234567', '2022-01-28', '2022-02-17'),
(29, '411234567', '101234567', '2022-01-29', '2022-02-18'),
(30, '421234567', '111234567', '2022-01-30', '2022-02-19'),
(31, '431234567', '121234567', '2022-01-31', '2022-02-20'),
(32, '441234567', '131234567', '2022-01-01', '2022-02-21'),
(33, '451234567', '141234567', '2022-01-02', '2022-02-22'),
(34, '461234567', '151234567', '2022-01-03', '2022-02-23'),
(35, '471234567', '161234567', '2022-01-04', '2022-02-24'),
(36, '481234567', '171234567', '2022-02-01', '2022-02-21'),
(37, '491234567', '181234567', '2022-02-02', '2022-02-22'),
(38, '501234567', '191234567', '2022-02-03', '2022-02-23'),
(39, '321234567', '11234567', '2022-02-04', '2022-02-24'),
(40, '331234567', '21234567', '2022-02-05', '2022-02-25'),
(41, '341234567', '31234567', '2022-02-06', '2022-02-26'),
(42, '351234567', '41234567', '2022-02-07', '2022-02-27'),
(43, '361234567', '51234567', '2022-02-08', '2022-02-28'),
(44, '371234567', '61234567', '2022-02-09', '2022-03-01'),
(45, '381234567', '71234567', '2022-02-10', '2022-03-02'),
(46, '391234567', '81234567', '2022-02-11', '2022-03-03'),
(47, '401234567', '91234567', '2022-02-12', '2022-03-04'),
(48, '411234567', '101234567', '2022-02-13', '2022-03-05'),
(49, '421234567', '111234567', '2022-02-14', '2022-03-06'),
(50, '431234567', '121234567', '2022-02-15', '2022-03-07'),
(51, '441234567', '131234567', '2022-02-16', '2022-03-08'),
(52, '451234567', '141234567', '2022-02-17', '2022-03-09'),
(53, '461234567', '151234567', '2022-02-18', '2022-03-10'),
(54, '471234567', '161234567', '2022-02-19', '2022-03-11'),
(55, '481234567', '171234567', '2022-02-20', '2022-03-12'),
(56, '491234567', '181234567', '2022-02-21', '2022-03-13'),
(57, '501234567', '191234567', '2022-02-22', '2022-03-14'),
(58, '321234567', '11234567', '2022-02-23', '2022-03-15'),
(59, '331234567', '21234567', '2022-02-24', '2022-03-16'),
(60, '341234567', '31234567', '2022-02-25', '2022-03-17'),
(61, '401234567', '91234567', '2022-03-01', '2022-03-21'),
(62, '411234567', '101234567', '2022-03-02', '2022-03-22'),
(63, '421234567', '111234567', '2022-03-03', '2022-03-23'),
(64, '431234567', '121234567', '2022-03-04', '2022-03-24'),
(65, '441234567', '131234567', '2022-03-05', '2022-03-25'),
(66, '451234567', '141234567', '2022-03-06', '2022-03-26'),
(67, '461234567', '151234567', '2022-03-07', '2022-03-27'),
(68, '471234567', '161234567', '2022-03-08', '2022-03-28'),
(69, '481234567', '171234567', '2022-03-09', '2022-03-29'),
(70, '491234567', '181234567', '2022-03-10', '2022-03-30'),
(71, '501234567', '191234567', '2022-03-11', '2022-03-31'),
(72, '321234567', '11234567', '2022-03-12', '2022-04-01'),
(73, '331234567', '21234567', '2022-03-13', '2022-04-02'),
(74, '341234567', '31234567', '2022-03-14', '2022-04-03'),
(75, '351234567', '41234567', '2022-03-15', '2022-04-04'),
(76, '361234567', '51234567', '2022-03-16', '2022-04-05'),
(77, '371234567', '61234567', '2022-03-17', '2022-04-06'),
(78, '381234567', '71234567', '2022-03-18', '2022-04-07'),
(79, '391234567', '81234567', '2022-03-19', '2022-04-08'),
(80, '401234567', '91234567', '2022-03-20', '2022-04-09'),
(81, '411234567', '101234567', '2022-03-21', '2022-04-10'),
(82, '421234567', '111234567', '2022-03-22', '2022-04-11'),
(83, '431234567', '121234567', '2022-03-23', '2022-04-12'),
(84, '441234567', '131234567', '2022-03-24', '2022-04-13'),
(85, '451234567', '141234567', '2022-03-25', '2022-04-14'),
(86, '461234567', '151234567', '2022-03-26', '2022-04-15'),
(87, '471234567', '161234567', '2022-03-27', '2022-04-16'),
(88, '481234567', '171234567', '2022-03-28', '2022-04-17'),
(89, '491234567', '181234567', '2022-03-29', '2022-04-18'),
(90, '501234567', '191234567', '2022-03-30', '2022-04-19'),
(91, '401234567', '91234567', '2022-04-01', '2022-04-21'),
(92, '411234567', '101234567', '2022-04-02', '2022-04-22'),
(93, '421234567', '111234567', '2022-04-03', '2022-04-23'),
(94, '431234567', '121234567', '2022-04-04', '2022-04-24'),
(95, '441234567', '131234567', '2022-04-05', '2022-04-25'),
(96, '451234567', '141234567', '2022-04-06', '2022-04-26'),
(97, '461234567', '151234567', '2022-04-07', '2022-04-27'),
(98, '471234567', '161234567', '2022-04-08', '2022-04-28'),
(99, '481234567', '171234567', '2022-04-09', '2022-04-29'),
(100, '491234567', '181234567', '2022-04-10', '2022-04-30'),
(101, '501234567', '191234567', '2022-04-11', '2022-05-01'),
(102, '321234567', '11234567', '2022-04-12', '2022-05-02'),
(103, '331234567', '21234567', '2022-04-13', '2022-05-03'),
(104, '341234567', '31234567', '2022-04-14', '2022-05-04'),
(105, '351234567', '41234567', '2022-04-15', '2022-05-05'),
(106, '361234567', '51234567', '2022-04-16', '2022-05-06'),
(107, '371234567', '61234567', '2022-04-17', '2022-05-07'),
(108, '381234567', '71234567', '2022-04-18', '2022-05-08'),
(109, '391234567', '81234567', '2022-04-19', '2022-05-09'),
(110, '401234567', '91234567', '2022-04-20', '2022-05-10'),
(111, '411234567', '101234567', '2022-05-01', '2022-05-21'),
(112, '421234567', '111234567', '2022-05-02', '2022-05-22'),
(113, '431234567', '121234567', '2022-05-03', '2022-05-23'),
(114, '441234567', '131234567', '2022-05-04', '2022-05-24'),
(115, '451234567', '141234567', '2022-05-05', '2022-05-25'),
(116, '461234567', '151234567', '2022-05-06', '2022-05-26'),
(117, '471234567', '161234567', '2022-05-07', '2022-05-27'),
(118, '481234567', '171234567', '2022-05-08', '2022-05-28'),
(119, '491234567', '181234567', '2022-05-09', '2022-05-29'),
(120, '501234567', '191234567', '2022-05-10', '2022-05-30'),
(121, '321234567', '11234567', '2022-05-11', '2022-05-31'),
(122, '331234567', '21234567', '2022-05-12', '2022-06-01'),
(123, '341234567', '31234567', '2022-05-13', '2022-06-02'),
(124, '351234567', '41234567', '2022-05-14', '2022-06-03'),
(125, '361234567', '51234567', '2022-05-15', '2022-06-04'),
(126, '371234567', '61234567', '2022-05-16', '2022-06-05'),
(127, '381234567', '71234567', '2022-05-17', '2022-06-06'),
(128, '391234567', '81234567', '2022-05-18', '2022-06-07'),
(129, '401234567', '91234567', '2022-05-19', '2022-06-08'),
(130, '411234567', '101234567', '2022-05-20', '2022-06-09'),
(131, '421234567', '111234567', '2022-05-21', '2022-06-10'),
(132, '431234567', '121234567', '2022-05-22', '2022-06-11'),
(133, '441234567', '131234567', '2022-05-23', '2022-06-12'),
(134, '451234567', '141234567', '2022-05-24', '2022-06-13'),
(135, '461234567', '151234567', '2022-05-25', '2022-06-14'),
(136, '471234567', '161234567', '2022-05-26', '2022-06-15'),
(137, '481234567', '171234567', '2022-05-27', '2022-06-16'),
(138, '491234567', '181234567', '2022-05-28', '2022-06-17'),
(139, '501234567', '191234567', '2022-05-29', '2022-06-18'),
(140, '321234567', '11234567', '2022-05-30', '2022-06-19'),
(141, '331234567', '21234567', '2022-05-31', '2022-06-20'),
(142, '341234567', '31234567', '2022-05-01', '2022-06-21'),
(143, '351234567', '41234567', '2022-05-02', '2022-06-22'),
(144, '361234567', '51234567', '2022-05-03', '2022-06-23'),
(145, '371234567', '61234567', '2022-05-04', '2022-06-24'),
(146, '381234567', '71234567', '2022-05-05', '2022-06-25'),
(147, '391234567', '81234567', '2022-05-06', '2022-06-26'),
(148, '401234567', '91234567', '2022-05-07', '2022-06-27'),
(149, '411234567', '101234567', '2022-05-08', '2022-06-28'),
(150, '421234567', '11234567', '2022-06-01', '2022-06-21'),
(151, '431234567', '21234567', '2022-06-02', '2022-06-22'),
(152, '441234567', '31234567', '2022-06-03', '2022-06-23'),
(153, '451234567', '41234567', '2022-06-04', '2022-06-24'),
(154, '461234567', '51234567', '2022-06-05', '2022-06-25'),
(155, '471234567', '61234567', '2022-06-06', '2022-06-26'),
(156, '481234567', '71234567', '2022-06-07', '2022-06-27'),
(157, '491234567', '81234567', '2022-06-08', '2022-06-28'),
(158, '501234567', '91234567', '2022-06-09', '2022-06-29'),
(159, '321234567', '101234567', '2022-06-10', '2022-06-30'),
(160, '331234567', '111234567', '2022-06-11', '2022-07-01'),
(161, '341234567', '121234567', '2022-06-12', '2022-07-02'),
(162, '351234567', '131234567', '2022-06-13', '2022-07-03'),
(163, '361234567', '141234567', '2022-06-14', '2022-07-04'),
(164, '371234567', '151234567', '2022-06-15', '2022-07-05'),
(165, '381234567', '161234567', '2022-06-16', '2022-07-06'),
(166, '391234567', '171234567', '2022-06-17', '2022-07-07'),
(167, '401234567', '181234567', '2022-06-18', '2022-07-08'),
(168, '411234567', '191234567', '2022-06-19', '2022-07-09'),
(169, '421234567', '11234567', '2022-06-20', '2022-07-10'),
(170, '431234567', '21234567', '2022-06-21', '2022-07-11'),
(171, '441234567', '31234567', '2022-06-22', '2022-07-12'),
(172, '451234567', '41234567', '2022-06-23', '2022-07-13'),
(173, '461234567', '51234567', '2022-06-24', '2022-07-14'),
(174, '471234567', '61234567', '2022-06-25', '2022-07-15'),
(175, '481234567', '71234567', '2022-06-26', '2022-07-16'),
(176, '491234567', '81234567', '2022-06-27', '2022-07-17'),
(177, '501234567', '91234567', '2022-06-28', '2022-07-18'),
(178, '321234567', '101234567', '2022-06-29', '2022-07-19'),
(179, '331234567', '111234567', '2022-06-30', '2022-07-20'),
(180, '341234567', '121234567', '2022-06-01', '2022-07-21'),
(181, '351234567', '131234567', '2022-06-02', '2022-07-22'),
(182, '361234567', '141234567', '2022-06-03', '2022-07-23'),
(183, '371234567', '151234567', '2022-06-04', '2022-07-24'),
(184, '381234567', '161234567', '2022-06-05', '2022-07-25'),
(185, '391234567', '171234567', '2022-07-01', '2022-07-21'),
(186, '401234567', '181234567', '2022-07-02', '2022-07-22'),
(187, '411234567', '191234567', '2022-07-03', '2022-07-23'),
(188, '421234567', '11234567', '2022-07-04', '2022-07-24'),
(189, '431234567', '21234567', '2022-07-05', '2022-07-25'),
(190, '441234567', '31234567', '2022-07-06', '2022-07-26'),
(191, '451234567', '41234567', '2022-07-07', '2022-07-27'),
(192, '461234567', '51234567', '2022-07-08', '2022-07-28'),
(193, '471234567', '61234567', '2022-07-09', '2022-07-29'),
(194, '481234567', '71234567', '2022-07-10', '2022-07-30'),
(195, '491234567', '81234567', '2022-07-11', '2022-07-31'),
(196, '501234567', '91234567', '2022-07-12', '2022-08-01'),
(197, '321234567', '101234567', '2022-07-13', '2022-08-02'),
(198, '331234567', '111234567', '2022-07-14', '2022-08-03'),
(199, '341234567', '121234567', '2022-07-15', '2022-08-04'),
(200, '351234567', '131234567', '2022-07-16', '2022-08-05'),
(201, '361234567', '141234567', '2022-07-17', '2022-08-06'),
(202, '371234567', '151234567', '2022-07-18', '2022-08-07'),
(203, '381234567', '161234567', '2022-07-19', '2022-08-08'),
(204, '391234567', '171234567', '2022-07-20', '2022-08-09'),
(205, '401234567', '181234567', '2022-07-21', '2022-08-10'),
(206, '411234567', '191234567', '2022-07-22', '2022-08-11'),
(207, '421234567', '11234567', '2022-07-23', '2022-08-12'),
(208, '431234567', '21234567', '2022-08-01', '2022-08-21'),
(209, '441234567', '31234567', '2022-08-02', '2022-08-22'),
(210, '451234567', '41234567', '2022-08-03', '2022-08-23'),
(211, '461234567', '51234567', '2022-08-04', '2022-08-24'),
(212, '471234567', '61234567', '2022-08-05', '2022-08-25'),
(213, '481234567', '71234567', '2022-08-06', '2022-08-26'),
(214, '491234567', '81234567', '2022-08-07', '2022-08-27'),
(215, '501234567', '91234567', '2022-08-08', '2022-08-28'),
(216, '321234567', '101234567', '2022-08-09', '2022-08-29'),
(217, '331234567', '111234567', '2022-08-10', '2022-08-30'),
(218, '341234567', '121234567', '2022-08-11', '2022-08-31'),
(219, '351234567', '131234567', '2022-08-12', '2022-09-01'),
(220, '361234567', '141234567', '2022-08-13', '2022-09-02'),
(221, '371234567', '151234567', '2022-08-14', '2022-09-03'),
(222, '381234567', '161234567', '2022-08-15', '2022-09-04'),
(223, '391234567', '171234567', '2022-08-16', '2022-09-05'),
(224, '401234567', '181234567', '2022-08-17', '2022-09-06'),
(225, '411234567', '191234567', '2022-08-18', '2022-09-07'),
(226, '421234567', '201234567', '2022-09-01', '2022-09-21'),
(227, '431234567', '211234567', '2022-09-02', '2022-09-22'),
(228, '441234567', '221234567', '2022-09-03', '2022-09-23'),
(229, '451234567', '231234567', '2022-09-04', '2022-09-24'),
(230, '461234567', '241234567', '2022-09-05', '2022-09-25'),
(231, '471234567', '251234567', '2022-09-06', '2022-09-26'),
(232, '481234567', '261234567', '2022-09-07', '2022-09-27'),
(233, '491234567', '271234567', '2022-09-08', '2022-09-28'),
(234, '501234567', '281234567', '2022-09-09', '2022-09-29'),
(235, '321234567', '291234567', '2022-09-10', '2022-09-30'),
(236, '331234567', '301234567', '2022-09-11', '2022-10-01'),
(237, '341234567', '311234567', '2022-09-12', '2022-10-02'),
(238, '351234567', '11234567', '2022-10-01', '2022-10-21'),
(239, '361234567', '21234567', '2022-10-02', '2022-10-22'),
(240, '371234567', '31234567', '2022-10-03', '2022-10-23'),
(241, '381234567', '41234567', '2022-10-04', '2022-10-24'),
(242, '391234567', '51234567', '2022-10-05', '2022-10-25'),
(243, '401234567', '61234567', '2022-10-06', '2022-10-26'),
(244, '411234567', '71234567', '2022-10-07', '2022-10-27'),
(245, '421234567', '81234567', '2022-10-08', '2022-10-28'),
(246, '431234567', '91234567', '2022-10-09', '2022-10-29'),
(247, '441234567', '101234567', '2022-10-10', '2022-10-30'),
(248, '451234567', '111234567', '2022-10-11', '2022-10-31'),
(249, '461234567', '121234567', '2022-10-12', '2022-11-01'),
(250, '471234567', '131234567', '2022-10-13', '2022-11-02'),
(251, '481234567', '141234567', '2022-10-14', '2022-11-03'),
(252, '491234567', '151234567', '2022-10-15', '2022-11-04'),
(253, '501234567', '161234567', '2022-10-16', '2022-11-05'),
(254, '321234567', '171234567', '2022-10-17', '2022-11-06'),
(255, '331234567', '181234567', '2022-10-18', '2022-11-07'),
(256, '341234567', '191234567', '2022-10-19', '2022-11-08'),
(257, '351234567', '201234567', '2022-10-20', '2022-11-09'),
(258, '361234567', '211234567', '2022-10-21', '2022-11-10'),
(259, '371234567', '221234567', '2022-10-22', '2022-11-11'),
(260, '381234567', '231234567', '2022-10-23', '2022-11-12'),
(261, '391234567', '241234567', '2022-10-24', '2022-11-13'),
(262, '401234567', '251234567', '2022-10-25', '2022-11-14'),
(263, '411234567', '261234567', '2022-10-26', '2022-11-15'),
(264, '421234567', '271234567', '2022-10-27', '2022-11-16'),
(265, '431234567', '281234567', '2022-10-28', '2022-11-17'),
(266, '441234567', '291234567', '2022-10-29', '2022-11-18'),
(267, '451234567', '301234567', '2022-10-30', '2022-11-19'),
(268, '461234567', '311234567', '2022-10-31', '2022-11-20'),
(269, '471234567', '11234567', '2022-10-01', '2022-11-21'),
(270, '481234567', '21234567', '2022-10-02', '2022-11-22'),
(271, '491234567', '31234567', '2022-10-03', '2022-11-23'),
(272, '501234567', '41234567', '2022-10-04', '2022-11-24'),
(273, '321234567', '51234567', '2022-10-05', '2022-11-25'),
(274, '331234567', '61234567', '2022-10-06', '2022-11-26'),
(275, '341234567', '71234567', '2022-10-07', '2022-11-27'),
(276, '351234567', '81234567', '2022-10-08', '2022-11-28'),
(277, '361234567', '91234567', '2022-10-09', '2022-11-29'),
(278, '371234567', '101234567', '2022-10-10', '2022-11-30'),
(279, '381234567', '111234567', '2022-10-11', '2022-12-01'),
(280, '391234567', '121234567', '2022-10-12', '2022-12-02'),
(281, '401234567', '131234567', '2022-10-13', '2022-12-03'),
(282, '411234567', '141234567', '2022-10-14', '2022-12-04'),
(283, '421234567', '151234567', '2022-10-15', '2022-12-05'),
(284, '431234567', '161234567', '2022-10-16', '2022-12-06'),
(285, '441234567', '171234567', '2022-10-17', '2022-12-07'),
(286, '451234567', '181234567', '2022-10-18', '2022-12-08'),
(287, '461234567', '191234567', '2022-11-01', '2022-12-21'),
(288, '471234567', '201234567', '2022-11-02', '2022-12-22'),
(289, '481234567', '211234567', '2022-11-03', '2022-12-23'),
(290, '491234567', '221234567', '2022-11-04', '2022-12-24'),
(291, '501234567', '231234567', '2022-11-05', '2022-12-25'),
(292, '321234567', '241234567', '2022-11-06', '2022-12-26'),
(293, '331234567', '251234567', '2022-11-07', '2022-12-27'),
(294, '341234567', '261234567', '2022-11-08', '2022-12-28'),
(295, '351234567', '271234567', '2022-11-09', '2022-12-29'),
(296, '361234567', '281234567', '2022-11-10', '2022-12-30'),
(297, '371234567', '291234567', '2022-11-11', '2022-12-31'),
(298, '381234567', '301234567', '2022-11-12', '2023-01-01'),
(299, '391234567', '311234567', '2022-11-13', '2023-01-02'),
(300, '401234567', '11234567', '2022-11-14', '2023-01-03'),
(301, '411234567', '21234567', '2022-11-15', '2023-01-04'),
(302, '421234567', '31234567', '2022-11-16', '2023-01-05'),
(303, '431234567', '41234567', '2022-11-17', '2023-01-06'),
(304, '441234567', '51234567', '2022-11-18', '2023-01-07'), 
(303, '431234567', '41234567', '2022-11-17', '2023-01-06'),
(304, '441234567', '51234567', '2022-11-18', '2023-01-07'),
(305, '451234567', '61234567', '2022-11-19', '2023-01-08'),
(306, '461234567', '71234567', '2022-11-20', '2023-01-09'),
(307, '471234567', '81234567', '2022-11-21', '2023-01-10'),
(308, '481234567', '91234567', '2022-12-01', '2023-01-21'),
(309, '491234567', '101234567', '2022-12-02', '2023-01-22'),
(310, '501234567', '111234567', '2022-12-03', '2023-01-23'),
(311, '321234567', '121234567', '2022-12-04', '2023-01-24'),
(312, '331234567', '131234567', '2022-12-05', '2023-01-25'),
(313, '341234567', '141234567', '2022-12-06', '2023-01-26'),
(314, '351234567', '151234567', '2022-12-07', '2023-01-27'),
(315, '361234567', '161234567', '2022-12-08', '2023-01-28'),
(316, '371234567', '171234567', '2022-12-09', '2023-01-29'),
(317, '381234567', '181234567', '2022-12-10', '2023-01-30'),
(318, '391234567', '191234567', '2022-12-11', '2023-01-31'),
(319, '401234567', '201234567', '2022-12-12', '2023-02-01'),
(320, '411234567', '211234567', '2022-12-13', '2023-02-02'),
(321, '421234567', '221234567', '2022-12-14', '2023-02-03'),
(322, '431234567', '231234567', '2022-12-15', '2023-02-04'),
(323, '441234567', '241234567', '2022-12-16', '2023-02-05'),
(324, '451234567', '251234567', '2022-12-17', '2023-02-06'),
(325, '461234567', '261234567', '2022-12-18', '2023-02-07'), 
(326, '471234567', '271234567', '2022-12-19', '2023-02-08'),
(327, '481234567', '281234567', '2022-12-20', '2023-02-09'),
(328, '491234567', '291234567', '2022-12-21', '2023-02-10'),
(329, '501234567', '301234567', '2022-12-22', '2023-02-11'),
(330, '321234567', '311234567', '2022-12-23', '2023-02-12'),
(331, '331234567', '11234567', '2022-12-24', '2023-02-13'),
(332, '341234567', '21234567', '2022-12-25', '2023-02-14'),
(333, '351234567', '31234567', '2022-12-26', '2023-02-15'),
(334, '361234567', '41234567', '2023-01-01', '2023-02-21'),
(335, '371234567', '51234567', '2023-01-02', '2023-02-22'),
(336, '381234567', '61234567', '2023-01-03', '2023-02-23'),
(337, '391234567', '71234567', '2023-01-04', '2023-02-24'),
(338, '401234567', '81234567', '2023-01-05', '2023-02-25'),
(339, '411234567', '91234567', '2023-01-06', '2023-02-26'),
(340, '421234567', '101234567', '2023-01-07', '2023-02-27'),
(341, '431234567', '111234567', '2023-01-08', '2023-02-28'),
(342, '441234567', '121234567', '2023-01-09', '2023-03-01'),
(343, '451234567', '131234567', '2023-01-10', '2023-03-02'),
(344, '461234567', '141234567', '2023-01-11', '2023-03-03'),
(345, '471234567', '151234567', '2023-01-12', '2023-03-04'),
(346, '481234567', '161234567', '2023-01-13', '2023-03-05'),
(347, '491234567', '171234567', '2023-01-14', '2023-03-06'),
(348, '501234567', '181234567', '2023-01-15', '2023-03-07'),
(349, '321234567', '191234567', '2023-01-16', '2023-03-08'),
(350, '331234567', '201234567', '2023-01-17', '2023-03-09'),
(351, '341234567', '211234567', '2023-02-01', '2023-03-21'),
(352, '351234567', '221234567', '2023-02-02', '2023-03-22'),
(353, '361234567', '231234567', '2023-02-03', '2023-03-23'),
(354, '371234567', '241234567', '2023-02-04', '2023-03-24'),
(355, '381234567', '251234567', '2023-02-05', '2023-03-25'),
(356, '391234567', '261234567', '2023-02-06', '2023-03-26'),
(357, '401234567', '271234567', '2023-02-07', '2023-03-27'),
(358, '411234567', '281234567', '2023-02-08', '2023-03-28'),
(359, '421234567', '291234567', '2023-02-09', '2023-03-29'),
(360, '431234567', '301234567', '2023-02-10', '2023-03-30'),
(361, '441234567', '311234567', '2023-02-11', '2023-03-31'),
(362, '451234567', '11234567', '2023-02-12', '2023-04-01'),
(363, '461234567', '21234567', '2023-02-13', '2023-04-02'),
(364, '471234567', '31234567', '2023-02-14', '2023-04-03'),
(365, '481234567', '41234567', '2023-02-15', '2023-04-04'),
(366, '491234567', '51234567', '2023-02-16', '2023-04-05'),
(367, '501234567', '61234567', '2023-02-17', '2023-04-06'),
(368, '321234567', '71234567', '2023-02-18', '2023-04-07'),
(369, '331234567', '81234567', '2023-02-19', '2023-04-08'),
(370, '341234567', '91234567', '2023-02-20', '2023-04-09'),
(371, '351234567', '101234567', '2023-02-21', '2023-04-10'),
(372, '361234567', '111234567', '2023-02-22', '2023-04-11'),
(373, '371234567', '121234567', '2023-02-23', '2023-04-12'),
(374, '381234567', '131234567', '2023-02-24', '2023-04-13'),
(375, '391234567', '141234567', '2023-02-25', '2023-04-14'),
(376, '401234567', '151234567', '2023-02-26', '2023-04-15'),
(377, '411234567', '161234567', '2023-02-27', '2023-04-16'),
(378, '421234567', '171234567', '2023-02-28', '2023-04-17'),
(379, '431234567', '181234567', '2023-03-01', '2023-04-18'),
(380, '441234567', '191234567', '2023-03-02', '2023-04-19'),
(381, '451234567', '201234567', '2023-03-03', '2023-04-20'),
(382, '461234567', '211234567', '2023-03-04', '2023-04-21'),
(383, '471234567', '221234567', '2023-03-05', '2023-04-22'),
(384, '481234567', '231234567', '2023-03-06', '2023-04-23'),
(385, '491234567', '241234567', '2023-03-07', '2023-04-24'),
(386, '501234567', '251234567', '2023-03-08', '2023-04-25'),
(387, '321234567', '261234567', '2023-03-09', '2023-04-26'),
(388, '331234567', '271234567', '2023-03-10', '2023-04-27'),
(389, '341234567', '281234567', '2023-03-11', '2023-04-28'),
(390, '351234567', '291234567', '2023-03-12', '2023-04-29'),
(391, '361234567', '301234567', '2023-03-13', '2023-04-30'),
(392, '371234567', '311234567', '2023-03-14', '2023-05-01'),
(393, '381234567', '11234567', '2023-03-15', '2023-05-02'),
(394, '391234567', '21234567', '2023-03-16', '2023-05-03'),
(395, '401234567', '31234567', '2023-03-17', '2023-05-04'),
(396, '411234567', '41234567', '2023-03-18', '2023-05-05'),
(397, '421234567', '51234567', '2023-03-19', '2023-05-06'),
(398, '431234567', '61234567', '2023-03-20', '2023-05-07'),
(399, '441234567', '71234567', '2023-03-21', '2023-05-08'),
(400, '451234567', '81234567', '2023-03-22', '2023-05-09'),
(401, '461234567', '91234567', '2023-03-23', '2023-05-10'),
(402, '471234567', '101234567', '2023-03-24', '2023-05-11'),
(403, '481234567', '111234567', '2023-03-25', '2023-05-12'),
(404, '491234567', '121234567', '2023-03-26', '2023-05-13'),
(405, '501234567', '131234567', '2023-03-27', '2023-05-14'),
(406, '321234567', '141234567', '2023-03-28', '2023-05-15'),
(407, '331234567', '151234567', '2023-03-29', '2023-05-16'),
(408, '341234567', '161234567', '2023-03-30', '2023-05-17'),
(409, '351234567', '171234567', '2023-03-01', '2023-05-18'),
(410, '361234567', '181234567', '2023-03-02', '2023-05-19'),
(411, '371234567', '191234567', '2023-03-03', '2023-05-20'),
(412, '381234567', '201234567', '2023-03-04', '2023-05-21'),
(413, '391234567', '211234567', '2023-03-05', '2023-05-22'),
(414, '401234567', '221234567', '2023-03-06', '2023-05-23'),
(415, '411234567', '231234567', '2023-03-07', '2023-05-24'),
(416, '421234567', '241234567', '2023-03-08', '2023-05-25'),
(417, '431234567', '251234567', '2023-03-09', '2023-05-26'),
(418, '441234567', '261234567', '2023-03-10', '2023-05-27'),
(419, '451234567', '271234567', '2023-03-11', '2023-05-28'),
(420, '461234567', '281234567', '2023-03-12', '2023-05-29'),
(421, '471234567', '291234567', '2023-04-01', '2023-05-30'),
(422, '481234567', '301234567', '2023-04-02', '2023-05-31'),
(423, '491234567', '311234567', '2023-04-03', '2023-06-01'),
(424, '501234567', '11234567', '2023-04-04', '2023-06-02'),
(425, '321234567', '21234567', '2023-04-05', '2023-06-03'),
(426, '331234567', '31234567', '2023-04-06', '2023-06-04'),
(427, '341234567', '41234567', '2023-04-07', '2023-06-05'),
(428, '351234567', '51234567', '2023-04-08', '2023-06-06'),
(429, '361234567', '61234567', '2023-04-09', '2023-06-07'),
(430, '371234567', '71234567', '2023-04-10', '2023-06-08'),
(431, '381234567', '81234567', '2023-04-11', '2023-06-09'),
(432, '391234567', '91234567', '2023-04-12', '2023-06-10'),
(433, '401234567', '101234567', '2023-04-13', '2023-06-11'),
(434, '411234567', '111234567', '2023-04-14', '2023-06-12'),
(435, '421234567', '121234567', '2023-04-15', '2023-06-13'),
(436, '431234567', '131234567', '2023-04-16', '2023-06-14'),
(437, '441234567', '141234567', '2023-04-17', '2023-06-15'),
(438, '451234567', '151234567', '2023-04-18', '2023-06-16'), 
(439, '461234567', '161234567', '2023-04-19', '2023-06-17'),
(440, '471234567', '171234567', '2023-04-20', '2023-06-18'),
(441, '481234567', '181234567', '2023-04-21', '2023-06-19'),
(442, '491234567', '191234567', '2023-04-22', '2023-06-20'),
(443, '501234567', '201234567', '2023-04-23', '2023-06-21'),
(444, '321234567', '211234567', '2023-04-24', '2023-06-22'),
(445, '331234567', '221234567', '2023-05-01', '2023-06-23'),
(446, '341234567', '231234567', '2023-05-02', '2023-06-24'),
(447, '351234567', '241234567', '2023-05-03', '2023-06-25'),
(448, '361234567', '251234567', '2023-05-04', '2023-06-26'),
(449, '371234567', '261234567', '2023-05-05', '2023-06-27'),
(450, '381234567', '271234567', '2023-05-06', '2023-06-28'),
(451, '391234567', '281234567', '2023-05-07', '2023-06-29'),
(452, '401234567', '291234567', '2023-05-08', '2023-06-30'),
(453, '411234567', '301234567', '2023-05-09', '2023-07-01'),
(454, '421234567', '311234567', '2023-05-10', '2023-07-02'),
(455, '431234567', '11234567', '2023-05-11', '2023-07-03'),
(456, '441234567', '21234567', '2023-05-12', '2023-07-04'),
(457, '451234567', '31234567', '2023-05-13', '2023-07-05'),
(458, '461234567', '41234567', '2023-05-14', '2023-07-06'),
(459, '471234567', '51234567', '2023-05-15', '2023-07-07'),
(460, '481234567', '61234567', '2023-06-01', '2023-07-08'),
(461, '491234567', '71234567', '2023-06-02', '2023-07-09'),
(462, '501234567', '81234567', '2023-06-03', '2023-07-10'),
(463, '321234567', '91234567', '2023-06-04', '2023-07-11'),
(464, '331234567', '101234567', '2023-06-05', '2023-07-12'),
(465, '341234567', '111234567', '2023-06-06', '2023-07-13'),
(466, '351234567', '121234567', '2023-06-07', '2023-07-14'),
(467, '361234567', '131234567', '2023-06-08', '2023-07-15'),
(468, '371234567', '141234567', '2023-06-09', '2023-07-16'),
(469, '381234567', '151234567', '2023-06-10', '2023-07-17'),
(470, '391234567', '161234567', '2023-06-11', '2023-07-18'),
(471, '401234567', '171234567', '2023-06-12', '2023-07-19'),
(472, '411234567', '181234567', '2023-06-13', '2023-07-20'),
(473, '421234567', '191234567', '2023-06-14', '2023-07-21'),
(474, '431234567', '201234567', '2023-06-15', '2023-07-22'),
(475, '441234567', '211234567', '2023-06-16', '2023-07-23'),
(476, '451234567', '221234567', '2023-06-17', '2023-07-24'),
(477, '461234567', '231234567', '2023-06-18', '2023-07-25'),
(478, '471234567', '241234567', '2023-06-19', '2023-07-26'),
(479, '481234567', '251234567', '2023-06-20', '2023-07-27'),
(480, '491234567', '261234567', '2023-06-21', '2023-07-28'),
(481, '501234567', '271234567', '2023-06-22', '2023-07-29'),
(482, '321234567', '281234567', '2023-06-23', '2023-07-30'),
(483, '331234567', '291234567', '2023-06-24', '2023-07-31'),
(484, '341234567', '301234567', '2023-06-25', '2023-08-01'),
(485, '351234567', '311234567', '2023-06-26', '2023-08-02'),
(486, '361234567', '11234567', '2023-06-27', '2023-08-03'),
(487, '371234567', '21234567', '2023-07-01', '2023-08-04'),
(488, '381234567', '31234567', '2023-07-02', '2023-08-05'),
(489, '391234567', '41234567', '2023-07-03', '2023-08-06'),
(490, '401234567', '51234567', '2023-07-04', '2023-08-07'),
(491, '411234567', '61234567', '2023-07-05', '2023-08-08'),
(492, '421234567', '71234567', '2023-07-06', '2023-08-09'),
(493, '431234567', '81234567', '2023-07-07', '2023-08-10'),
(494, '441234567', '91234567', '2023-07-08', '2023-08-11'),
(495, '451234567', '101234567', '2023-07-09', '2023-08-12'),
(496, '461234567', '111234567', '2023-08-01', '2023-08-13'),
(497, '471234567', '121234567', '2023-08-02', '2023-08-14'),
(498, '481234567', '131234567', '2023-08-03', '2023-08-15'),
(499, '491234567', '141234567', '2023-08-04', '2023-08-16'),
(500, '501234567', '151234567', '2023-08-05', '2023-08-17'),
(501, '321234567', '161234567', '2023-08-06', '2023-08-18'),
(502, '331234567', '171234567', '2023-08-07', '2023-08-19'),
(503, '341234567', '181234567', '2023-08-08', '2023-08-20'),
(504, '351234567', '191234567', '2023-08-09', '2023-08-21'),
(505, '361234567', '201234567', '2023-08-10', '2023-08-22'),
(506, '371234567', '211234567', '2023-08-11', '2023-08-23'),
(507, '381234567', '221234567', '2023-08-12', '2023-08-24'),
(508, '391234567', '231234567', '2023-08-13', '2023-08-25'),
(509, '401234567', '241234567', '2023-08-14', '2023-08-26'),
(510, '411234567', '251234567', '2023-08-15', '2023-08-27'),
(511, '421234567', '261234567', '2023-08-16', '2023-08-28'),
(512, '431234567', '271234567', '2023-08-17', '2023-08-29'),
(513, '441234567', '281234567', '2023-08-18', '2023-08-30'), 
(514, '451234567', '291234567', '2023-08-19', '2023-08-31'),
(515, '461234567', '301234567', '2023-08-20', '2023-09-01'),
(516, '471234567', '311234567', '2023-08-21', '2023-09-02'),
(517, '481234567', '11234567', '2023-08-22', '2023-09-03'),
(518, '491234567', '21234567', '2023-08-23', '2023-09-04'),
(519, '501234567', '31234567', '2023-08-24', '2023-09-05'),
(520, '321234567', '41234567', '2023-08-25', '2023-09-06'),
(521, '331234567', '51234567', '2023-08-26', '2023-09-07'),
(522, '341234567', '61234567', '2023-08-27', '2023-09-08'),
(523, '351234567', '71234567', '2023-08-28', '2023-09-09'),
(524, '361234567', '81234567', '2023-08-29', '2023-09-10'),
(525, '371234567', '91234567', '2023-08-30', '2023-09-11'),
(526, '381234567', '101234567', '2023-08-01', '2023-09-12'),
(527, '391234567', '111234567', '2023-08-02', '2023-09-13'),
(528, '401234567', '121234567', '2023-08-03', '2023-09-14'),
(529, '411234567', '131234567', '2023-09-01', '2023-09-15'),
(530, '421234567', '141234567', '2023-09-02', '2023-09-16'),
(531, '431234567', '151234567', '2023-09-03', '2023-09-17'),
(532, '441234567', '161234567', '2023-09-04', '2023-09-18'),
(533, '451234567', '171234567', '2023-09-05', '2023-09-19'),
(534, '461234567', '181234567', '2023-09-06', '2023-09-20'),
(535, '471234567', '191234567', '2023-09-07', '2023-09-21'),
(536, '481234567', '201234567', '2023-09-08', '2023-09-22'),
(537, '491234567', '211234567', '2023-09-09', '2023-09-23'),
(538, '501234567', '221234567', '2023-09-10', '2023-09-24'),
(539, '321234567', '231234567', '2023-09-11', '2023-09-25'),
(540, '331234567', '241234567', '2023-09-12', '2023-09-26'),
(541, '341234567', '251234567', '2023-09-13', '2023-09-27'),
(542, '351234567', '261234567', '2023-09-14', '2023-09-28'),
(543, '361234567', '271234567', '2023-10-01', '2023-09-29'),
(544, '371234567', '281234567', '2023-10-02', '2023-09-30'),
(545, '381234567', '291234567', '2023-10-03', '2023-10-01'),
(546, '391234567', '301234567', '2023-10-04', '2023-10-02'),
(547, '401234567', '311234567', '2023-10-05', '2023-10-03'),
(548, '411234567', '11234567', '2023-10-06', '2023-10-04'),
(549, '421234567', '21234567', '2023-10-07', '2023-10-05'),
(550, '431234567', '31234567', '2023-10-08', '2023-10-06'),
(551, '441234567', '41234567', '2023-10-09', '2023-10-07'),
(552, '451234567', '51234567', '2023-10-10', '2023-10-08'),
(553, '461234567', '61234567', '2023-10-11', '2023-10-09'),
(554, '471234567', '71234567', '2023-10-12', '2023-10-10'),
(555, '481234567', '81234567', '2023-10-13', '2023-10-11'),
(556, '491234567', '91234567', '2023-10-14', '2023-10-12'),
(557, '501234567', '101234567', '2023-10-15', '2023-10-13'),
(558, '321234567', '111234567', '2023-10-16', '2023-10-14'),
(559, '331234567', '121234567', '2023-10-17', '2023-10-15'),
(560, '341234567', '131234567', '2023-10-18', '2023-10-16'),
(561, '351234567', '141234567', '2023-10-19', '2023-10-17'),
(562, '361234567', '151234567', '2023-10-20', '2023-10-18'),
(563, '371234567', '161234567', '2023-10-21', '2023-10-19'),
(564, '381234567', '171234567', '2023-10-22', '2023-10-20'),
(565, '391234567', '181234567', '2023-10-23', '2023-10-21'),
(566, '401234567', '191234567', '2023-10-24', '2023-10-22'),
(567, '411234567', '201234567', '2023-10-25', '2023-10-23'),
(568, '421234567', '211234567', '2023-10-26', '2023-10-24'),
(569, '431234567', '221234567', '2023-10-27', '2023-10-25'),
(570, '441234567', '231234567', '2023-10-28', '2023-10-26'),
(571, '451234567', '241234567', '2023-10-29', '2023-10-27'),
(572, '461234567', '251234567', '2023-10-30', '2023-10-28'),
(573, '471234567', '261234567', '2023-11-01', '2023-10-29'),
(574, '481234567', '271234567', '2023-11-02', '2023-10-30'),
(575, '491234567', '281234567', '2023-11-03', '2023-11-01'),
(576, '501234567', '291234567', '2023-11-04', '2023-11-02'),
(577, '321234567', '301234567', '2023-11-05', '2023-11-03'),
(578, '331234567', '311234567', '2023-11-06', '2023-11-04'),
(579, '341234567', '11234567', '2023-11-07', '2023-11-05'),
(580, '351234567', '21234567', '2023-11-08', '2023-11-06'),
(581, '361234567', '31234567', '2023-11-09', '2023-11-07'),
(582, '371234567', '41234567', '2023-11-10', '2023-11-08'),
(583, '381234567', '51234567', '2023-11-11', '2023-11-09'),
(584, '391234567', '61234567', '2023-11-12', '2023-11-10'),
(585, '401234567', '71234567', '2023-11-13', '2023-11-11'),
(586, '411234567', '81234567', '2023-11-14', '2023-11-12'),
(587, '421234567', '91234567', '2023-11-15', '2023-11-13'),
(588, '431234567', '101234567', '2023-11-16', '2023-11-14'),
(589, '441234567', '111234567', '2023-11-17', '2023-11-15'),
(590, '451234567', '121234567', '2023-11-18', '2023-11-16'),
(591, '461234567', '131234567', '2023-11-19', '2023-11-17'),
(592, '471234567', '141234567', '2023-11-20', '2023-11-18'),
(593, '481234567', '151234567', '2023-11-21', '2023-11-19'),
(594, '491234567', '161234567', '2023-11-22', '2023-11-20'),
(595, '501234567', '171234567', '2023-12-01', '2023-11-21'),
(596, '321234567', '181234567', '2023-12-02', '2023-11-22'),
(597, '331234567', '191234567', '2023-12-03', '2023-11-23'),
(598, '341234567', '201234567', '2023-12-04', '2023-11-24'),
(599, '351234567', '211234567', '2023-12-05', '2023-11-25'),
(600, '361234567', '221234567', '2023-12-06', '2023-11-26'),
(601, '371234567', '231234567', '2023-12-07', '2023-11-27'),
(602, '381234567', '241234567', '2023-12-08', '2023-11-28'),
(603, '391234567', '251234567', '2023-12-09', '2023-11-29'),
(604, '401234567', '261234567', '2023-12-10', '2023-11-30'),
(605, '411234567', '271234567', '2023-12-11', '2023-12-01'),
(606, '421234567', '281234567', '2023-12-12', '2023-12-02'),
(607, '431234567', '291234567', '2023-12-13', '2023-12-03'),
(608, '441234567', '301234567', '2023-12-14', '2023-12-04'),
(609, '451234567', '311234567', '2023-12-15', '2023-12-05'),
(610, '461234567', '11234567', '2023-12-16', '2023-12-06'),
(611, '471234567', '21234567', '2023-12-17', '2023-12-07')
ON CONFLICT (id_cotizacion) DO NOTHING;

SELECT setval('concesionarioapp_cotizacion_id_cotizacion_seq', (SELECT MAX(id_cotizacion) FROM concesionarioapp_cotizacion));

UPDATE concesionarioapp_cotizacion SET fecha_vencimiento = fecha_creacion + interval '20 days';

INSERT INTO concesionarioapp_cotizacion_modelo(id_cotizacion_modelo, cotizacion_id, modelo_id, color_id, extra_id, cantidad)
VALUES
(1, 1, 1, 1, 1, 1),
(2, 2, 1, 1, 1, 1),
(3, 3, 1, 1, 1, 1),
(4, 4, 1, 1, 1, 1),
(5, 5, 1, 1, 1, 1),
(6, 6, 1, 1, 1, 1),
(7, 7, 1, 1, 1, 1),
(8, 8, 1, 1, 1, 1),
(9, 9, 1, 1, 1, 1),
(10, 10, 1, 1, 1, 1),
(11, 11, 1, 1, 1, 1),
(12, 12, 1, 1, 1, 1),
(13, 13, 1, 1, 1, 1),
(14, 14, 1, 1, 1, 1),
(15, 15, 1, 1, 1, 1),
(16, 16, 1, 1, 1, 1),
(17, 17, 1, 1, 1, 1),
(18, 18, 1, 1, 1, 1),
(19, 19, 1, 1, 1, 1),
(20, 20, 1, 1, 1, 1),
(21, 21, 1, 1, 1, 1),
(22, 22, 1, 1, 1, 1),
(23, 23, 1, 1, 1, 1),
(24, 24, 1, 1, 1, 1),
(25, 25, 1, 1, 1, 1),
(26, 26, 1, 1, 1, 1),
(27, 27, 1, 1, 1, 1),
(28, 28, 1, 1, 1, 1),
(29, 29, 1, 1, 1, 1),
(30, 30, 1, 1, 1, 1),
(31, 31, 1, 1, 1, 1),
(32, 32, 1, 1, 1, 1),
(33, 33, 1, 1, 1, 1),
(34, 34, 1, 1, 1, 1),
(35, 35, 1, 1, 1, 1),
(36, 36, 1, 1, 1, 1),
(37, 37, 1, 1, 1, 1),
(38, 38, 1, 1, 1, 1),
(39, 39, 1, 1, 1, 1),
(40, 40, 1, 1, 1, 1),
(41, 41, 1, 1, 1, 1),
(42, 42, 1, 1, 1, 1),
(43, 43, 1, 1, 1, 1),
(44, 44, 1, 1, 1, 1),
(45, 45, 1, 1, 1, 1),
(46, 46, 1, 1, 1, 1),
(47, 47, 1, 1, 1, 1),
(48, 48, 1, 1, 1, 1),
(49, 49, 1, 1, 1, 1),
(50, 50, 1, 1, 1, 1),
(51, 51, 1, 1, 1, 1),
(52, 52, 1, 1, 1, 1),
(53, 53, 1, 1, 1, 1),
(54, 54, 1, 1, 1, 1),
(55, 55, 1, 1, 1, 1),
(56, 56, 1, 1, 1, 1),
(57, 57, 1, 1, 1, 1),
(58, 58, 1, 1, 1, 1),
(59, 59, 1, 1, 1, 1),
(60, 60, 1, 1, 1, 1),
(61, 61, 1, 1, 1, 1),
(62, 62, 1, 1, 1, 1),
(63, 63, 1, 1, 1, 1),
(64, 64, 1, 1, 1, 1),
(65, 65, 1, 1, 1, 1),
(66, 66, 1, 1, 1, 1),
(67, 67, 1, 1, 1, 1),
(68, 68, 1, 1, 1, 1),
(69, 69, 1, 1, 1, 1),
(70, 70, 1, 1, 1, 1),
(71, 71, 1, 1, 1, 1),
(72, 72, 1, 1, 1, 1),
(73, 73, 1, 1, 1, 1),
(74, 74, 1, 1, 1, 1),
(75, 75, 1, 1, 1, 1),
(76, 76, 1, 1, 1, 1),
(77, 77, 1, 1, 1, 1),
(78, 78, 1, 1, 1, 1),
(79, 79, 1, 1, 1, 1),
(80, 80, 1, 1, 1, 1),
(81, 81, 1, 1, 1, 1),
(82, 82, 1, 1, 1, 1),
(83, 83, 1, 1, 1, 1),
(84, 84, 1, 1, 1, 1),
(85, 85, 1, 1, 1, 1),
(86, 86, 1, 1, 1, 1),
(87, 87, 1, 1, 1, 1),
(88, 88, 1, 1, 1, 1),
(89, 89, 1, 1, 1, 1),
(90, 90, 1, 1, 1, 1),
(91, 91, 1, 1, 1, 1),
(92, 92, 1, 1, 1, 1),
(93, 93, 1, 1, 1, 1),
(94, 94, 1, 1, 1, 1),
(95, 95, 1, 1, 1, 1),
(96, 96, 1, 1, 1, 1),
(97, 97, 1, 1, 1, 1),
(98, 98, 1, 1, 1, 1),
(99, 99, 1, 1, 1, 1),
(100, 100, 1, 1, 1, 1),
(101, 101, 1, 1, 1, 1),
(102, 102, 1, 1, 1, 1),
(103, 103, 1, 1, 1, 1),
(104, 104, 1, 1, 1, 1),
(105, 105, 1, 1, 1, 1),
(106, 106, 1, 1, 1, 1),
(107, 107, 1, 1, 1, 1),
(108, 108, 1, 1, 1, 1),
(109, 109, 1, 1, 1, 1),
(110, 110, 1, 1, 1, 1),
(111, 111, 1, 1, 1, 1),
(112, 112, 1, 1, 1, 1),
(113, 113, 1, 1, 1, 1),
(114, 114, 1, 1, 1, 1),
(115, 115, 1, 1, 1, 1),
(116, 116, 1, 1, 1, 1),
(117, 117, 1, 1, 1, 1),
(118, 118, 1, 1, 1, 1),
(119, 119, 1, 1, 1, 1),
(120, 120, 1, 1, 1, 1),
(121, 121, 1, 1, 1, 1),
(122, 122, 1, 1, 1, 1),
(123, 123, 1, 1, 1, 1),
(124, 124, 1, 1, 1, 1),
(125, 125, 1, 1, 1, 1),
(126, 126, 1, 1, 1, 1),
(127, 127, 1, 1, 1, 1),
(128, 128, 1, 1, 1, 1),
(129, 129, 1, 1, 1, 1),
(130, 130, 1, 1, 1, 1),
(131, 131, 1, 1, 1, 1),
(132, 132, 1, 1, 1, 1),
(133, 133, 1, 1, 1, 1),
(134, 134, 1, 1, 1, 1),
(135, 135, 1, 1, 1, 1),
(136, 136, 1, 1, 1, 1),
(137, 137, 1, 1, 1, 1),
(138, 138, 1, 1, 1, 1),
(139, 139, 1, 1, 1, 1),
(140, 140, 1, 1, 1, 1),
(141, 141, 1, 1, 1, 1), 
(142, 142, 1, 1, 1, 1),
(143, 143, 1, 1, 1, 1),
(144, 144, 1, 1, 1, 1),
(145, 145, 1, 1, 1, 1),
(146, 146, 1, 1, 1, 1),
(147, 147, 1, 1, 1, 1),
(148, 148, 1, 1, 1, 1),
(149, 149, 1, 1, 1, 1),
(150, 150, 1, 1, 1, 1),
(151, 151, 1, 1, 1, 1),
(152, 152, 1, 1, 1, 1),
(153, 153, 1, 1, 1, 1),
(154, 154, 1, 1, 1, 1),
(155, 155, 1, 1, 1, 1),
(156, 156, 1, 1, 1, 1),
(157, 157, 1, 1, 1, 1),
(158, 158, 1, 1, 1, 1),
(159, 159, 1, 1, 1, 1),
(160, 160, 1, 1, 1, 1),
(161, 161, 1, 1, 1, 1),
(162, 162, 1, 1, 1, 1),
(163, 163, 1, 1, 1, 1),
(164, 164, 1, 1, 1, 1),
(165, 165, 1, 1, 1, 1),
(166, 166, 1, 1, 1, 1),
(167, 167, 1, 1, 1, 1),
(168, 168, 1, 1, 1, 1),
(169, 169, 1, 1, 1, 1),
(170, 170, 1, 1, 1, 1),
(171, 171, 1, 1, 1, 1),
(172, 172, 1, 1, 1, 1),
(173, 173, 1, 1, 1, 1),
(174, 174, 1, 1, 1, 1),
(175, 175, 1, 1, 1, 1),
(176, 176, 1, 1, 1, 1),
(177, 177, 1, 1, 1, 1),
(178, 178, 1, 1, 1, 1),
(179, 179, 1, 1, 1, 1),
(180, 180, 1, 1, 1, 1),
(181, 181, 1, 1, 1, 1),
(182, 182, 1, 1, 1, 1),
(183, 183, 1, 1, 1, 1),
(184, 184, 1, 1, 1, 1),
(185, 185, 1, 1, 1, 1),
(186, 186, 1, 1, 1, 1),
(187, 187, 1, 1, 1, 1),
(188, 188, 1, 1, 1, 1),
(189, 189, 1, 1, 1, 1),
(190, 190, 1, 1, 1, 1),
(191, 191, 1, 1, 1, 1),
(192, 192, 1, 1, 1, 1),
(193, 193, 1, 1, 1, 1),
(194, 194, 1, 1, 1, 1),
(195, 195, 1, 1, 1, 1),
(196, 196, 1, 1, 1, 1),
(197, 197, 1, 1, 1, 1),
(198, 198, 1, 1, 1, 1),
(199, 199, 1, 1, 1, 1),
(200, 200, 1, 1, 1, 1),
(201, 201, 1, 1, 1, 1),
(202, 202, 1, 1, 1, 1),
(203, 203, 1, 1, 1, 1),
(204, 204, 1, 1, 1, 1),
(205, 205, 1, 1, 1, 1),
(206, 206, 1, 1, 1, 1),
(207, 207, 1, 1, 1, 1),
(208, 208, 1, 1, 1, 1),
(209, 209, 1, 1, 1, 1),
(210, 210, 1, 1, 1, 1),
(211, 211, 1, 1, 1, 1),
(212, 212, 1, 1, 1, 1),
(213, 213, 1, 1, 1, 1),
(214, 214, 1, 1, 1, 1),
(215, 215, 1, 1, 1, 1),
(216, 216, 1, 1, 1, 1),
(217, 217, 1, 1, 1, 1),
(218, 218, 1, 1, 1, 1),
(219, 219, 1, 1, 1, 1),
(220, 220, 1, 1, 1, 1),
(221, 221, 1, 1, 1, 1),
(222, 222, 1, 1, 1, 1),
(223, 223, 1, 1, 1, 1),
(224, 224, 1, 1, 1, 1),
(225, 225, 1, 1, 1, 1),
(226, 226, 1, 1, 1, 1),
(227, 227, 1, 1, 1, 1),
(228, 228, 1, 1, 1, 1),
(229, 229, 1, 1, 1, 1),
(230, 230, 1, 1, 1, 1),
(231, 231, 1, 1, 1, 1),
(232, 232, 1, 1, 1, 1),
(233, 233, 1, 1, 1, 1),
(234, 234, 1, 1, 1, 1),
(235, 235, 1, 1, 1, 1),
(236, 236, 1, 1, 1, 1),
(237, 237, 1, 1, 1, 1),
(238, 238, 1, 1, 1, 1),
(239, 239, 1, 1, 1, 1),
(240, 240, 1, 1, 1, 1),
(241, 241, 1, 1, 1, 1),
(242, 242, 1, 1, 1, 1),
(243, 243, 1, 1, 1, 1),
(244, 244, 1, 1, 1, 1),
(245, 245, 1, 1, 1, 1),
(246, 246, 1, 1, 1, 1),
(247, 247, 1, 1, 1, 1),
(248, 248, 1, 1, 1, 1),
(249, 249, 1, 1, 1, 1),
(250, 250, 1, 1, 1, 1),
(251, 251, 1, 1, 1, 1),
(252, 252, 1, 1, 1, 1),
(253, 253, 1, 1, 1, 1),
(254, 254, 1, 1, 1, 1),
(255, 255, 1, 1, 1, 1),
(256, 256, 1, 1, 1, 1),
(257, 257, 1, 1, 1, 1),
(258, 258, 1, 1, 1, 1),
(259, 259, 1, 1, 1, 1),
(260, 260, 1, 1, 1, 1),
(261, 261, 1, 1, 1, 1),
(262, 262, 1, 1, 1, 1),
(263, 263, 1, 1, 1, 1),
(264, 264, 1, 1, 1, 1),
(265, 265, 1, 1, 1, 1),
(266, 266, 1, 1, 1, 1),
(267, 267, 1, 1, 1, 1),
(268, 268, 1, 1, 1, 1),
(269, 269, 1, 1, 1, 1),
(270, 270, 1, 1, 1, 1),
(271, 271, 1, 1, 1, 1),
(272, 272, 1, 1, 1, 1),
(273, 273, 1, 1, 1, 1),
(274, 274, 1, 1, 1, 1),
(275, 275, 1, 1, 1, 1),
(276, 276, 1, 1, 1, 1),
(277, 277, 1, 1, 1, 1),
(278, 278, 1, 1, 1, 1),
(279, 279, 1, 1, 1, 1),
(280, 280, 1, 1, 1, 1),
(281, 281, 1, 1, 1, 1),
(282, 282, 1, 1, 1, 1),
(283, 283, 1, 1, 1, 1),
(284, 284, 1, 1, 1, 1),
(285, 285, 1, 1, 1, 1),
(286, 286, 1, 1, 1, 1),
(287, 287, 1, 1, 1, 1),
(288, 288, 1, 1, 1, 1),
(289, 289, 1, 1, 1, 1),
(290, 290, 1, 1, 1, 1),
(291, 291, 1, 1, 1, 1),
(292, 292, 1, 1, 1, 1),
(293, 293, 1, 1, 1, 1),
(294, 294, 1, 1, 1, 1),
(295, 295, 1, 1, 1, 1),
(296, 296, 1, 1, 1, 1),
(297, 297, 1, 1, 1, 1),
(298, 298, 1, 1, 1, 1),
(299, 299, 1, 1, 1, 1),
(300, 300, 1, 1, 1, 1),
(301, 301, 1, 1, 1, 1),
(302, 302, 1, 1, 1, 1),
(303, 303, 1, 1, 1, 1),
(304, 304, 1, 1, 1, 1),
(305, 305, 1, 1, 1, 1),
(306, 306, 1, 1, 1, 1),
(307, 307, 1, 1, 1, 1),
(308, 308, 1, 1, 1, 1),
(309, 309, 1, 1, 1, 1),
(310, 310, 1, 1, 1, 1),
(311, 311, 1, 1, 1, 1),
(312, 312, 1, 1, 1, 1),
(313, 313, 1, 1, 1, 1),
(314, 314, 1, 1, 1, 1),
(315, 315, 1, 1, 1, 1),
(316, 316, 1, 1, 1, 1),
(317, 317, 1, 1, 1, 1),
(318, 318, 1, 1, 1, 1),
(319, 319, 1, 1, 1, 1),
(320, 320, 1, 1, 1, 1),
(321, 321, 1, 1, 1, 1),
(322, 322, 1, 1, 1, 1),
(323, 323, 1, 1, 1, 1),
(324, 324, 1, 1, 1, 1),
(325, 325, 1, 1, 1, 1),
(326, 326, 1, 1, 1, 1),
(327, 327, 1, 1, 1, 1),
(328, 328, 1, 1, 1, 1),
(329, 329, 1, 1, 1, 1),
(330, 330, 1, 1, 1, 1),
(331, 331, 1, 1, 1, 1),
(332, 332, 1, 1, 1, 1),
(333, 333, 1, 1, 1, 1),
(334, 334, 1, 1, 1, 1),
(335, 335, 1, 1, 1, 1),
(336, 336, 1, 1, 1, 1),
(337, 337, 1, 1, 1, 1),
(338, 338, 1, 1, 1, 1),
(339, 339, 1, 1, 1, 1),
(340, 340, 1, 1, 1, 1),
(341, 341, 1, 1, 1, 1),
(342, 342, 1, 1, 1, 1),
(343, 343, 1, 1, 1, 1),
(344, 344, 1, 1, 1, 1),
(345, 345, 1, 1, 1, 1),
(346, 346, 1, 1, 1, 1),
(347, 347, 1, 1, 1, 1),
(348, 348, 1, 1, 1, 1),
(349, 349, 1, 1, 1, 1),
(350, 350, 1, 1, 1, 1),
(351, 351, 1, 1, 1, 1),
(352, 352, 1, 1, 1, 1),
(353, 353, 1, 1, 1, 1),
(354, 354, 1, 1, 1, 1),
(355, 355, 1, 1, 1, 1),
(356, 356, 1, 1, 1, 1),
(357, 357, 1, 1, 1, 1),
(358, 358, 1, 1, 1, 1),
(359, 359, 1, 1, 1, 1),
(360, 360, 1, 1, 1, 1),
(361, 361, 1, 1, 1, 1),
(362, 362, 1, 1, 1, 1),
(363, 363, 1, 1, 1, 1),
(364, 364, 1, 1, 1, 1),
(365, 365, 1, 1, 1, 1),
(366, 366, 1, 1, 1, 1),
(367, 367, 1, 1, 1, 1),
(368, 368, 1, 1, 1, 1),
(369, 369, 1, 1, 1, 1),
(370, 370, 1, 1, 1, 1),
(371, 371, 1, 1, 1, 1),
(372, 372, 1, 1, 1, 1),
(373, 373, 1, 1, 1, 1),
(374, 374, 1, 1, 1, 1),
(375, 375, 1, 1, 1, 1),
(376, 376, 1, 1, 1, 1),
(377, 377, 1, 1, 1, 1),
(378, 378, 1, 1, 1, 1),
(379, 379, 1, 1, 1, 1),
(380, 380, 1, 1, 1, 1),
(381, 381, 1, 1, 1, 1),
(382, 382, 1, 1, 1, 1),
(383, 383, 1, 1, 1, 1),
(384, 384, 1, 1, 1, 1),
(385, 385, 1, 1, 1, 1),
(386, 386, 1, 1, 1, 1),
(387, 387, 1, 1, 1, 1),
(388, 388, 1, 1, 1, 1),
(389, 389, 1, 1, 1, 1),
(390, 390, 1, 1, 1, 1),
(391, 391, 1, 1, 1, 1),
(392, 392, 1, 1, 1, 1),
(393, 393, 1, 1, 1, 1),
(394, 394, 1, 1, 1, 1),
(395, 395, 1, 1, 1, 1),
(396, 396, 1, 1, 1, 1),
(397, 397, 1, 1, 1, 1),
(398, 398, 1, 1, 1, 1),
(399, 399, 1, 1, 1, 1),
(400, 400, 1, 1, 1, 1),
(401, 401, 1, 1, 1, 1),
(402, 402, 1, 1, 1, 1),
(403, 403, 1, 1, 1, 1),
(404, 404, 1, 1, 1, 1),
(405, 405, 1, 1, 1, 1),
(406, 406, 1, 1, 1, 1),
(407, 407, 1, 1, 1, 1),
(408, 408, 1, 1, 1, 1),
(409, 409, 1, 1, 1, 1),
(410, 410, 1, 1, 1, 1),
(411, 411, 1, 1, 1, 1),
(412, 412, 1, 1, 1, 1),
(413, 413, 1, 1, 1, 1),
(414, 414, 1, 1, 1, 1),
(415, 415, 1, 1, 1, 1),
(416, 416, 1, 1, 1, 1),
(417, 417, 1, 1, 1, 1),
(418, 418, 1, 1, 1, 1),
(419, 419, 1, 1, 1, 1), 
(420, 420, 1, 1, 1, 1),
(421, 421, 1, 1, 1, 1),
(422, 422, 1, 1, 1, 1),
(423, 423, 1, 1, 1, 1),
(424, 424, 1, 1, 1, 1),
(425, 425, 1, 1, 1, 1),
(426, 426, 1, 1, 1, 1),
(427, 427, 1, 1, 1, 1),
(428, 428, 1, 1, 1, 1),
(429, 429, 1, 1, 1, 1),
(430, 430, 1, 1, 1, 1),
(431, 431, 1, 1, 1, 1),
(432, 432, 1, 1, 1, 1),
(433, 433, 1, 1, 1, 1),
(434, 434, 1, 1, 1, 1),
(435, 435, 1, 1, 1, 1),
(436, 436, 1, 1, 1, 1),
(437, 437, 1, 1, 1, 1),
(438, 438, 1, 1, 1, 1),
(439, 439, 1, 1, 1, 1),
(440, 440, 1, 1, 1, 1),
(441, 441, 1, 1, 1, 1),
(442, 442, 1, 1, 1, 1),
(443, 443, 1, 1, 1, 1),
(444, 444, 1, 1, 1, 1),
(445, 445, 1, 1, 1, 1),
(446, 446, 1, 1, 1, 1),
(447, 447, 1, 1, 1, 1),
(448, 448, 1, 1, 1, 1),
(449, 449, 1, 1, 1, 1),
(450, 450, 1, 1, 1, 1),
(451, 451, 1, 1, 1, 1),
(452, 452, 1, 1, 1, 1),
(453, 453, 1, 1, 1, 1),
(454, 454, 1, 1, 1, 1),
(455, 455, 1, 1, 1, 1),
(456, 456, 1, 1, 1, 1),
(457, 457, 1, 1, 1, 1),
(458, 458, 1, 1, 1, 1),
(459, 459, 1, 1, 1, 1),
(460, 460, 1, 1, 1, 1),
(461, 461, 1, 1, 1, 1),
(462, 462, 1, 1, 1, 1),
(463, 463, 1, 1, 1, 1),
(464, 464, 1, 1, 1, 1),
(465, 465, 1, 1, 1, 1),
(466, 466, 1, 1, 1, 1),
(467, 467, 1, 1, 1, 1),
(468, 468, 1, 1, 1, 1),
(469, 469, 1, 1, 1, 1),
(470, 470, 1, 1, 1, 1),
(471, 471, 1, 1, 1, 1),
(472, 472, 1, 1, 1, 1),
(473, 473, 1, 1, 1, 1),
(474, 474, 1, 1, 1, 1),
(475, 475, 1, 1, 1, 1),
(476, 476, 1, 1, 1, 1),
(477, 477, 1, 1, 1, 1),
(478, 478, 1, 1, 1, 1),
(479, 479, 1, 1, 1, 1),
(480, 480, 1, 1, 1, 1),
(481, 481, 1, 1, 1, 1),
(482, 482, 1, 1, 1, 1),
(483, 483, 1, 1, 1, 1),
(484, 484, 1, 1, 1, 1),
(485, 485, 1, 1, 1, 1),
(486, 486, 1, 1, 1, 1),
(487, 487, 1, 1, 1, 1),
(488, 488, 1, 1, 1, 1),
(489, 489, 1, 1, 1, 1),
(490, 490, 1, 1, 1, 1),
(491, 491, 1, 1, 1, 1),
(492, 492, 1, 1, 1, 1),
(493, 493, 1, 1, 1, 1),
(494, 494, 1, 1, 1, 1),
(495, 495, 1, 1, 1, 1),
(496, 496, 1, 1, 1, 1),
(497, 497, 1, 1, 1, 1),
(498, 498, 1, 1, 1, 1),
(499, 499, 1, 1, 1, 1),
(500, 500, 1, 1, 1, 1),
(501, 501, 1, 1, 1, 1),
(502, 502, 1, 1, 1, 1),
(503, 503, 1, 1, 1, 1),
(504, 504, 1, 1, 1, 1),
(505, 505, 1, 1, 1, 1),
(506, 506, 1, 1, 1, 1),
(507, 507, 1, 1, 1, 1),
(508, 508, 1, 1, 1, 1),
(509, 509, 1, 1, 1, 1),
(510, 510, 1, 1, 1, 1),
(511, 511, 1, 1, 1, 1),
(512, 512, 1, 1, 1, 1),
(513, 513, 1, 1, 1, 1),
(514, 514, 1, 1, 1, 1),
(515, 515, 1, 1, 1, 1),
(516, 516, 1, 1, 1, 1),
(517, 517, 1, 1, 1, 1),
(518, 518, 1, 1, 1, 1),
(519, 519, 1, 1, 1, 1),
(520, 520, 1, 1, 1, 1),
(521, 521, 1, 1, 1, 1),
(522, 522, 1, 1, 1, 1),
(523, 523, 1, 1, 1, 1),
(524, 524, 1, 1, 1, 1),
(525, 525, 1, 1, 1, 1),
(526, 526, 1, 1, 1, 1),
(527, 527, 1, 1, 1, 1),
(528, 528, 1, 1, 1, 1),
(529, 529, 1, 1, 1, 1),
(530, 530, 1, 1, 1, 1),
(531, 531, 1, 1, 1, 1),
(532, 532, 1, 1, 1, 1),
(533, 533, 1, 1, 1, 1),
(534, 534, 1, 1, 1, 1),
(535, 535, 1, 1, 1, 1),
(536, 536, 1, 1, 1, 1),
(537, 537, 1, 1, 1, 1),
(538, 538, 1, 1, 1, 1),
(539, 539, 1, 1, 1, 1),
(540, 540, 1, 1, 1, 1),
(541, 541, 1, 1, 1, 1),
(542, 542, 1, 1, 1, 1),
(543, 543, 1, 1, 1, 1),
(544, 544, 1, 1, 1, 1),
(545, 545, 1, 1, 1, 1),
(546, 546, 1, 1, 1, 1),
(547, 547, 1, 1, 1, 1),
(548, 548, 1, 1, 1, 1),
(549, 549, 1, 1, 1, 1),
(550, 550, 1, 1, 1, 1),
(551, 551, 1, 1, 1, 1),
(552, 552, 1, 1, 1, 1),
(553, 553, 1, 1, 1, 1),
(554, 554, 1, 1, 1, 1),
(555, 555, 1, 1, 1, 1),
(556, 556, 1, 1, 1, 1),
(557, 557, 1, 1, 1, 1),
(558, 558, 1, 1, 1, 1),
(559, 559, 1, 1, 1, 1),
(560, 560, 1, 1, 1, 1),
(561, 561, 1, 1, 1, 1),
(562, 562, 1, 1, 1, 1),
(563, 563, 1, 1, 1, 1),
(564, 564, 1, 1, 1, 1),
(565, 565, 1, 1, 1, 1),
(566, 566, 1, 1, 1, 1),
(567, 567, 1, 1, 1, 1),
(568, 568, 1, 1, 1, 1),
(569, 569, 1, 1, 1, 1),
(570, 570, 1, 1, 1, 1),
(571, 571, 1, 1, 1, 1),
(572, 572, 1, 1, 1, 1),
(573, 573, 1, 1, 1, 1),
(574, 574, 1, 1, 1, 1),
(575, 575, 1, 1, 1, 1),
(576, 576, 1, 1, 1, 1),
(577, 577, 1, 1, 1, 1),
(578, 578, 1, 1, 1, 1),
(579, 579, 1, 1, 1, 1),
(580, 580, 1, 1, 1, 1),
(581, 581, 1, 1, 1, 1),
(582, 582, 1, 1, 1, 1),
(583, 583, 1, 1, 1, 1),
(584, 584, 1, 1, 1, 1),
(585, 585, 1, 1, 1, 1),
(586, 586, 1, 1, 1, 1),
(587, 587, 1, 1, 1, 1),
(588, 588, 1, 1, 1, 1),
(589, 589, 1, 1, 1, 1),
(590, 590, 1, 1, 1, 1),
(591, 591, 1, 1, 1, 1),
(592, 592, 1, 1, 1, 1),
(593, 593, 1, 1, 1, 1),
(594, 594, 1, 1, 1, 1),
(595, 595, 1, 1, 1, 1),
(596, 596, 1, 1, 1, 1),
(597, 597, 1, 1, 1, 1),
(598, 598, 1, 1, 1, 1),
(599, 599, 1, 1, 1, 1),
(600, 600, 1, 1, 1, 1),
(601, 601, 1, 1, 1, 1),
(602, 602, 1, 1, 1, 1),
(603, 603, 1, 1, 1, 1),
(604, 604, 1, 1, 1, 1),
(605, 605, 1, 1, 1, 1),
(606, 606, 1, 1, 1, 1),
(607, 607, 1, 1, 1, 1),
(608, 608, 1, 1, 1, 1),
(609, 609, 1, 1, 1, 1),
(610, 610, 1, 1, 1, 1),
(611, 611, 1, 1, 1, 1),
(612, 1, 1, 1, 1, 1),
(613, 1, 1, 1, 1, 1),
(614, 3, 1, 1, 1, 1), 
(615, 3, 1, 1, 1, 1),
(616, 3, 1, 1, 1, 1),
(617, 3, 1, 1, 1, 1),
(618, 334, 1, 1, 1, 1),
(619, 334, 1, 1, 1, 1),
(620, 334, 1, 1, 1, 1),
(621, 335, 1, 1, 1, 1),
(622, 338, 1, 1, 1, 1),
(623, 8, 1, 1, 1, 1),
(624, 10, 1, 1, 1, 1),
(625, 100, 1, 1, 1, 1)
ON CONFLICT (id_cotizacion_modelo) DO NOTHING;

SELECT setval('concesionarioapp_cotizacion_modelo_id_cotizacion_modelo_seq', (SELECT MAX(id_cotizacion_modelo) FROM concesionarioapp_cotizacion_modelo));

UPDATE concesionarioapp_cotizacion_modelo SET modelo_id = FLOOR(RANDOM() * 8) + 1;

UPDATE concesionarioapp_cotizacion_modelo SET color_id = FLOOR(RANDOM() * 8) + 1;

UPDATE concesionarioapp_cotizacion_modelo SET extra_id = FLOOR(RANDOM() * 7) + 1;

